BUILDING_ORIENTATION,RATIO_N,RATIO_E,RATIO_S,RATIO_W,cell_count,mean_udi,mean_sun,mean_radiation
0,0.0,0.2,0.2,0.5,100,38.25835,852.29,170.85609
180,0.8,0.0,0.2,0.2,100,28.6369,578.02,189.18591
180,0.5,0.8,0.5,0.0,100,10.2151,1306.785,308.95374
180,0.5,0.8,0.2,0.0,100,16.7839,1200.755,266.79533
180,0.5,0.8,0.0,0.8,100,3.34835,2093.765,388.19154000000003
180,0.5,0.8,0.0,0.5,100,7.48865,1688.33,331.404
180,0.5,0.8,0.0,0.2,100,13.99765,1340.76,276.07194
180,0.5,0.5,0.8,0.0,100,10.0365,1026.82,293.20657
180,0.5,0.5,0.5,0.0,100,17.26545,874.07,247.11261
180,0.5,0.5,0.2,0.0,100,27.85855,768.04,204.90054
180,0.5,0.5,0.0,0.8,100,7.632949999999999,1661.05,329.65344
180,0.5,0.5,0.0,0.5,100,13.795499999999999,1255.615,271.29508000000004
180,0.5,0.5,0.0,0.2,100,24.1521,908.045,214.60550999999998
180,0.5,0.2,0.8,0.0,100,15.638,714.26,234.26359
180,0.5,0.2,0.5,0.0,100,27.18,561.51,187.9373
180,0.5,0.2,0.2,0.0,100,44.166599999999995,455.48,144.43681
180,0.5,0.2,0.0,0.8,100,14.67145,1348.49,272.25406
180,0.5,0.2,0.0,0.5,100,24.938499999999998,943.055,212.67209
180,0.5,0.2,0.0,0.2,100,41.97729999999999,595.485,154.95323
180,0.5,0.0,0.8,0.8,100,6.571949999999999,1455.435,348.50743
180,0.5,0.0,0.8,0.5,100,10.8748,1050.0,289.47505
180,0.5,0.0,0.8,0.2,100,16.4706,702.43,233.07515999999998
180,0.5,0.0,0.5,0.8,100,11.066099999999999,1302.685,303.31687
180,0.5,0.0,0.5,0.5,100,18.278599999999997,897.25,243.53402999999997
180,0.5,0.0,0.5,0.2,100,27.801,549.68,186.52061
180,0.5,0.8,0.8,0.0,100,5.9906500000000005,1459.535,354.42563
180,0.8,0.0,0.2,0.5,100,17.8764,925.59,246.74470000000002
180,0.5,0.0,0.2,0.5,100,28.7663,791.22,201.11631
180,0.8,0.0,0.2,0.8,100,10.87965,1331.025,306.37967000000003
180,0.8,0.8,0.5,0.0,100,6.01875,1441.155,353.17294000000004
180,0.8,0.8,0.2,0.0,100,9.88115,1335.125,311.84838
180,0.8,0.8,0.0,0.8,100,2.2760499999999997,2228.135,432.61289
180,0.8,0.8,0.0,0.5,100,4.74415,1822.7,376.16677000000004
180,0.8,0.8,0.0,0.2,100,8.434800000000001,1475.13,321.52915
180,0.8,0.5,0.8,0.0,100,5.2409,1161.19,336.84428999999994
180,0.8,0.5,0.5,0.0,100,10.076799999999999,1008.44,292.15464
180,0.8,0.5,0.2,0.0,100,17.0215,902.41,250.5896
180,0.8,0.5,0.0,0.8,100,4.88785,1795.42,374.48296000000005
180,0.8,0.5,0.0,0.5,100,8.5725,1389.985,316.70745
180,0.8,0.5,0.0,0.2,100,14.92605,1042.415,260.68396
180,0.8,0.2,0.8,0.0,100,7.79555,848.63,278.76611
180,0.8,0.2,0.5,0.0,100,15.81125,695.88,233.27067
180,0.8,0.2,0.2,0.0,100,28.1131,589.85,190.64603
180,0.8,0.2,0.0,0.8,100,9.0253,1482.86,317.7681
180,0.8,0.2,0.0,0.5,100,15.33935,1077.425,258.73194
180,0.8,0.2,0.0,0.2,100,26.669050000000002,729.855,201.27325000000002
180,0.8,0.0,0.8,0.8,100,3.5728500000000003,1589.805,391.60239
180,0.8,0.0,0.8,0.5,100,5.82115,1184.37,333.27406
180,0.8,0.0,0.8,0.2,100,8.2169,836.8,277.1848
180,0.8,0.0,0.5,0.8,100,6.6274,1437.055,347.59587
180,0.8,0.0,0.5,0.5,100,10.75305,1031.62,288.17928
180,0.8,0.0,0.5,0.2,100,16.57415,684.05,231.46451000000002
180,0.5,0.0,0.2,0.8,100,17.89175,1196.655,261.22515
180,0.5,0.0,0.2,0.2,100,44.62604999999999,443.65,143.15551
270,0.0,0.2,0.2,0.2,100,61.77185,504.72,112.21076
180,0.2,0.0,0.2,0.2,100,66.13625,342.915,99.70783
180,0.0,0.8,0.8,0.5,100,4.7203,1856.345,378.88894999999997
180,0.0,0.8,0.8,0.2,100,8.5387,1508.775,324.62387
180,0.0,0.8,0.5,0.8,100,3.2929000000000004,2109.03,390.16316
180,0.0,0.8,0.5,0.5,100,7.46095,1703.595,332.77900999999997
180,0.0,0.8,0.5,0.2,100,14.156749999999999,1356.025,278.1815
180,0.0,0.8,0.2,0.8,100,4.68165,2003.0,348.14466999999996
180,0.0,0.8,0.2,0.5,100,10.8095,1597.565,290.75519
180,0.0,0.8,0.2,0.2,100,22.1129,1249.995,234.87918000000002
180,0.0,0.5,0.8,0.8,100,4.88335,1829.065,377.13729
180,0.0,0.5,0.8,0.5,100,8.7555,1423.63,319.67927
180,0.0,0.5,0.8,0.2,100,15.1723,1076.06,263.63767
180,0.0,0.5,0.5,0.8,100,7.682,1676.315,331.35844
180,0.0,0.5,0.5,0.5,100,14.001700000000001,1270.88,272.87871
180,0.0,0.5,0.5,0.2,100,24.63555,923.31,216.29628
180,0.0,0.5,0.2,0.8,100,11.169850000000002,1570.285,289.09163
180,0.0,0.5,0.2,0.5,100,20.84375,1164.85,230.36919
180,0.0,0.5,0.2,0.2,100,37.404900000000005,817.28,172.95783
180,0.0,0.2,0.8,0.8,100,9.1476,1516.505,320.60897
180,0.0,0.2,0.8,0.5,100,15.60795,1111.07,261.40701
180,0.0,0.2,0.8,0.2,100,27.00855,763.5,204.21769
180,0.0,0.2,0.5,0.8,100,14.894649999999999,1363.755,273.97544999999997
180,0.0,0.2,0.5,0.5,100,25.0953,958.32,214.30074000000002
180,0.0,0.2,0.5,0.2,100,41.881400000000006,610.75,156.5507
180,0.0,0.8,0.8,0.8,100,2.23785,2261.78,435.42181
180,0.2,0.0,0.2,0.5,100,44.185950000000005,690.485,158.60331
180,0.2,0.8,0.8,0.0,100,9.9252,1358.8,313.8746
180,0.2,0.0,0.2,0.8,100,28.762150000000002,1095.92,219.01481
180,0.2,0.8,0.5,0.0,100,16.71535,1206.05,267.82851999999997
180,0.2,0.8,0.2,0.0,100,27.45195,1100.02,224.68325000000002
180,0.2,0.8,0.0,0.8,100,4.7008,1993.03,347.7818
180,0.2,0.8,0.0,0.5,100,10.757449999999999,1587.595,290.03893
180,0.2,0.8,0.0,0.2,100,21.781599999999997,1240.025,234.28471000000002
180,0.2,0.5,0.8,0.0,100,17.1632,926.085,252.56095000000002
180,0.2,0.5,0.5,0.0,100,27.99785,773.335,205.67343
180,0.2,0.5,0.2,0.0,100,43.1805,667.305,162.32863
180,0.2,0.5,0.0,0.8,100,11.148299999999999,1560.315,288.4509
180,0.2,0.5,0.0,0.5,100,20.725700000000003,1154.88,229.58733
180,0.2,0.5,0.0,0.2,100,37.3471,807.31,172.33721000000003
180,0.2,0.2,0.8,0.0,100,28.457849999999997,613.525,192.96080999999998
180,0.2,0.2,0.5,0.0,100,44.116350000000004,460.775,145.64221
180,0.2,0.2,0.2,0.0,100,65.34275,354.745,101.20748999999999
180,0.2,0.2,0.0,0.8,100,22.9043,1247.755,230.27540000000002
180,0.2,0.2,0.0,0.5,100,37.99305,842.32,169.95421
180,0.2,0.2,0.0,0.2,100,62.1212,494.75,111.61656
180,0.2,0.0,0.8,0.8,100,10.937750000000001,1354.7,308.47963
180,0.2,0.0,0.8,0.5,100,18.1159,949.265,248.87429
180,0.2,0.0,0.8,0.2,100,28.46645,601.695,191.17396
180,0.2,0.0,0.5,0.8,100,17.9965,1201.95,262.39973000000003
180,0.2,0.0,0.5,0.5,100,28.99405,796.515,201.94313999999997
180,0.2,0.0,0.5,0.2,100,44.474650000000004,448.945,144.09322
180,0.8,0.8,0.8,0.0,100,3.04525,1593.905,397.33961999999997
270,0.0,0.2,0.2,0.5,100,38.15225,852.29,170.63297999999998
180,0.0,0.2,0.2,0.5,100,38.1289,852.29,170.8125
270,0.8,0.0,0.2,0.2,100,28.5865,578.02,189.12749
270,0.5,0.8,0.5,0.0,100,10.2301,1306.785,308.95643
270,0.5,0.8,0.2,0.0,100,16.7454,1200.755,266.88213
270,0.5,0.8,0.0,0.8,100,3.3586,2093.765,388.35110000000003
270,0.5,0.8,0.0,0.5,100,7.501,1688.33,331.28054
270,0.5,0.8,0.0,0.2,100,14.0091,1340.76,276.28686
270,0.5,0.5,0.8,0.0,100,10.0343,1026.82,293.57572
270,0.5,0.5,0.5,0.0,100,17.261400000000002,874.07,247.40437000000003
270,0.5,0.5,0.2,0.0,100,27.84705,768.04,204.80187999999998
270,0.5,0.5,0.0,0.8,100,7.64245,1661.05,329.54328000000004
270,0.5,0.5,0.0,0.5,100,13.82425,1255.615,271.19142
270,0.5,0.5,0.0,0.2,100,24.2125,908.045,215.00204000000002
270,0.5,0.2,0.8,0.0,100,15.59045,714.26,234.46124
270,0.5,0.2,0.5,0.0,100,27.256950000000003,561.51,187.95815
270,0.5,0.2,0.2,0.0,100,44.20995,455.48,144.60771
270,0.5,0.2,0.0,0.8,100,14.67055,1348.49,272.15377
270,0.5,0.2,0.0,0.5,100,24.811950000000003,943.055,212.63977
270,0.5,0.2,0.0,0.2,100,41.8964,595.485,154.95505
270,0.5,0.0,0.8,0.8,100,6.56675,1455.435,348.44298000000003
270,0.5,0.0,0.8,0.5,100,10.844349999999999,1050.0,289.32638
270,0.5,0.0,0.8,0.2,100,16.43305,702.43,232.98282
270,0.5,0.0,0.5,0.8,100,11.0976,1302.685,303.28566
270,0.5,0.0,0.5,0.5,100,18.307550000000003,897.25,243.4486
270,0.5,0.0,0.5,0.2,100,27.683600000000002,549.68,186.37391
270,0.5,0.8,0.8,0.0,100,5.96755,1459.535,354.32843
270,0.8,0.0,0.2,0.5,100,17.84045,925.59,246.83336
270,0.5,0.0,0.2,0.5,100,28.7162,791.22,200.93081
270,0.8,0.0,0.2,0.8,100,10.84895,1331.025,306.36224999999996
270,0.8,0.8,0.5,0.0,100,5.9936,1441.155,353.11798999999996
270,0.8,0.8,0.2,0.0,100,9.8964,1335.125,311.77596
270,0.8,0.8,0.0,0.8,100,2.28375,2228.135,432.42510000000004
270,0.8,0.8,0.0,0.5,100,4.73345,1822.7,376.19212
270,0.8,0.8,0.0,0.2,100,8.448,1475.13,321.65046
270,0.8,0.5,0.8,0.0,100,5.22185,1161.19,336.94033
270,0.8,0.5,0.5,0.0,100,10.11685,1008.44,292.12295
270,0.8,0.5,0.2,0.0,100,17.0961,902.41,250.60184
270,0.8,0.5,0.0,0.8,100,4.88095,1795.42,374.39954
270,0.8,0.5,0.0,0.5,100,8.544500000000001,1389.985,316.92347
270,0.8,0.5,0.0,0.2,100,14.865599999999999,1042.415,260.62654
270,0.8,0.2,0.8,0.0,100,7.8053,848.63,278.80276000000003
270,0.8,0.2,0.5,0.0,100,15.80165,695.88,232.85505
270,0.8,0.2,0.2,0.0,100,28.12495,589.85,190.59952
270,0.8,0.2,0.0,0.8,100,9.01675,1482.86,317.63986
270,0.8,0.2,0.0,0.5,100,15.27705,1077.425,258.70902
270,0.8,0.2,0.0,0.2,100,26.636999999999997,729.855,201.22983
270,0.8,0.0,0.8,0.8,100,3.60115,1589.805,391.80979
270,0.8,0.0,0.8,0.5,100,5.8041,1184.37,333.27834
270,0.8,0.0,0.8,0.2,100,8.214,836.8,277.22394
270,0.8,0.0,0.5,0.8,100,6.61515,1437.055,347.59728
270,0.8,0.0,0.5,0.5,100,10.795,1031.62,288.34797
270,0.8,0.0,0.5,0.2,100,16.5652,684.05,231.71226
270,0.5,0.0,0.2,0.8,100,17.9152,1196.655,261.16014
270,0.5,0.0,0.2,0.2,100,44.60635,443.65,143.13126
270,0.0,0.2,0.2,0.8,100,22.9736,1257.725,230.90097000000003
270,0.2,0.0,0.2,0.2,100,66.12,342.915,99.93177
270,0.0,0.8,0.8,0.5,100,4.7299,1856.345,379.04489
270,0.0,0.8,0.8,0.2,100,8.55465,1508.775,324.46935
270,0.0,0.8,0.5,0.8,100,3.3234500000000002,2109.03,390.00645
270,0.0,0.8,0.5,0.5,100,7.48395,1703.595,332.63624000000004
270,0.0,0.8,0.5,0.2,100,14.156099999999999,1356.025,277.94874
270,0.0,0.8,0.2,0.8,100,4.6817,2003.0,348.39368
270,0.0,0.8,0.2,0.5,100,10.8604,1597.565,290.65706
270,0.0,0.8,0.2,0.2,100,22.001649999999998,1249.995,234.71837
270,0.0,0.5,0.8,0.8,100,4.92665,1829.065,377.10976000000005
270,0.0,0.5,0.8,0.5,100,8.798,1423.63,319.59806000000003
270,0.0,0.5,0.8,0.2,100,15.253499999999999,1076.06,263.58947
270,0.0,0.5,0.5,0.8,100,7.7132000000000005,1676.315,331.30908999999997
270,0.0,0.5,0.5,0.5,100,13.9923,1270.88,272.69322
270,0.0,0.5,0.5,0.2,100,24.594949999999997,923.31,216.58461
270,0.0,0.5,0.2,0.8,100,11.173399999999999,1570.285,289.07237000000003
270,0.0,0.5,0.2,0.5,100,20.78985,1164.85,230.11835
270,0.0,0.5,0.2,0.2,100,37.4908,817.28,173.03937000000002
270,0.0,0.2,0.8,0.8,100,9.14055,1516.505,320.62781
270,0.0,0.2,0.8,0.5,100,15.5948,1111.07,261.36808
270,0.0,0.2,0.8,0.2,100,27.0922,763.5,204.35737
270,0.0,0.2,0.5,0.8,100,14.8955,1363.755,274.01329000000004
270,0.0,0.2,0.5,0.5,100,25.04395,958.32,214.18275000000003
270,0.0,0.2,0.5,0.2,100,41.829449999999994,610.75,156.82784
270,0.0,0.8,0.8,0.8,100,2.24115,2261.78,435.3344
270,0.2,0.0,0.2,0.5,100,44.334799999999994,690.485,158.58151
270,0.2,0.8,0.8,0.0,100,9.88255,1358.8,314.00363
270,0.2,0.0,0.2,0.8,100,28.7748,1095.92,219.13716
270,0.2,0.8,0.5,0.0,100,16.7809,1206.05,267.69058
270,0.2,0.8,0.2,0.0,100,27.483400000000003,1100.02,225.04287
270,0.2,0.8,0.0,0.8,100,4.72275,1993.03,347.63665999999995
270,0.2,0.8,0.0,0.5,100,10.7492,1587.595,290.12899
270,0.2,0.8,0.0,0.2,100,21.84435,1240.025,233.9251
270,0.2,0.5,0.8,0.0,100,17.0519,926.085,252.73203
270,0.2,0.5,0.5,0.0,100,28.170949999999998,773.335,205.72615
270,0.2,0.5,0.2,0.0,100,43.21625,667.305,162.21444
270,0.2,0.5,0.0,0.8,100,11.16265,1560.315,288.43986
270,0.2,0.5,0.0,0.5,100,20.65405,1154.88,229.59413
270,0.2,0.5,0.0,0.2,100,37.2166,807.31,172.29289
270,0.2,0.2,0.8,0.0,100,28.390900000000002,613.525,192.83395000000002
270,0.2,0.2,0.5,0.0,100,44.1145,460.775,145.49701000000002
270,0.2,0.2,0.2,0.0,100,65.4503,354.745,101.47480999999999
270,0.2,0.2,0.0,0.8,100,22.8356,1247.755,230.27456
270,0.2,0.2,0.0,0.5,100,38.088499999999996,842.32,170.10966
270,0.2,0.2,0.0,0.2,100,62.1916,494.75,111.52679
270,0.2,0.0,0.8,0.8,100,10.922550000000001,1354.7,308.50557000000003
270,0.2,0.0,0.8,0.5,100,18.04365,949.265,248.85864
270,0.2,0.0,0.8,0.2,100,28.487750000000002,601.695,191.29092
270,0.2,0.0,0.5,0.8,100,18.0089,1201.95,262.08257000000003
270,0.2,0.0,0.5,0.5,100,28.9038,796.515,202.04337999999998
270,0.2,0.0,0.5,0.2,100,44.3398,448.945,143.91218999999998
180,0.0,0.2,0.2,0.8,100,23.01025,1257.725,230.87473000000003
180,0.0,0.2,0.2,0.2,100,61.82645,504.72,112.28236000000001
0,0.0,0.2,0.2,0.8,100,22.94985,1257.73,231.02718000000002
0,0.8,0.0,0.2,0.2,100,28.5761,578.02,189.18722999999997
0,0.5,0.8,0.5,0.0,100,10.201749999999999,1306.785,309.07542
0,0.5,0.8,0.2,0.0,100,16.72085,1200.755,266.85744
0,0.5,0.8,0.0,0.8,100,3.3476999999999997,2093.77,388.51426
0,0.5,0.8,0.0,0.5,100,7.472799999999999,1688.33,331.39786
0,0.5,0.8,0.0,0.2,100,14.04845,1340.76,276.24339
0,0.5,0.5,0.8,0.0,100,10.03345,1026.82,293.02038
0,0.5,0.5,0.5,0.0,100,17.24735,874.07,247.53567999999999
0,0.5,0.5,0.2,0.0,100,27.84935,768.04,204.66728
0,0.5,0.5,0.0,0.8,100,7.6401,1661.055,329.48042999999996
0,0.5,0.5,0.0,0.5,100,13.74195,1255.615,271.08819
0,0.5,0.5,0.0,0.2,100,24.1203,908.045,214.96173
0,0.5,0.2,0.8,0.0,100,15.67395,714.26,234.43437999999998
0,0.5,0.2,0.5,0.0,100,27.2229,561.51,188.1207
0,0.5,0.2,0.2,0.0,100,44.204049999999995,455.48,144.59858
0,0.5,0.2,0.0,0.8,100,14.67695,1348.495,272.23234
0,0.5,0.2,0.0,0.5,100,24.828049999999998,943.055,212.52080999999998
0,0.5,0.2,0.0,0.2,100,41.84495,595.485,154.95242
0,0.5,0.0,0.8,0.8,100,6.59385,1455.44,348.68598
0,0.5,0.0,0.8,0.5,100,10.8201,1050.0,289.44887
0,0.5,0.0,0.8,0.2,100,16.403599999999997,702.43,232.86998
0,0.5,0.0,0.5,0.8,100,11.038450000000001,1302.69,303.47105
0,0.5,0.0,0.5,0.5,100,18.29045,897.25,243.60669000000001
0,0.5,0.0,0.5,0.2,100,27.76375,549.68,186.47667
0,0.5,0.8,0.8,0.0,100,5.99225,1459.535,354.38391
0,0.8,0.0,0.2,0.5,100,17.87545,925.59,246.67860000000002
0,0.5,0.0,0.2,0.5,100,28.757199999999997,791.22,200.93182000000002
0,0.8,0.0,0.2,0.8,100,10.85925,1331.03,306.34385
0,0.8,0.8,0.5,0.0,100,6.0020500000000006,1441.155,353.12435
0,0.8,0.8,0.2,0.0,100,9.914,1335.125,311.84695
0,0.8,0.8,0.0,0.8,100,2.2806,2228.14,432.43815
0,0.8,0.8,0.0,0.5,100,4.7576,1822.7,376.19523999999996
0,0.8,0.8,0.0,0.2,100,8.42985,1475.13,321.70144
0,0.8,0.5,0.8,0.0,100,5.23,1161.19,337.26412
0,0.8,0.5,0.5,0.0,100,10.06895,1008.44,292.22747
0,0.8,0.5,0.2,0.0,100,17.11805,902.41,250.57213
0,0.8,0.5,0.0,0.8,100,4.8607499999999995,1795.425,374.4579
0,0.8,0.5,0.0,0.5,100,8.572849999999999,1389.985,316.76145
0,0.8,0.5,0.0,0.2,100,14.9323,1042.415,260.88419999999996
0,0.8,0.2,0.8,0.0,100,7.7999,848.63,278.81584
0,0.8,0.2,0.5,0.0,100,15.7853,695.88,232.95687
0,0.8,0.2,0.2,0.0,100,28.076549999999997,589.85,190.74196
0,0.8,0.2,0.0,0.8,100,9.01395,1482.865,317.4581
0,0.8,0.2,0.0,0.5,100,15.33805,1077.425,258.5691
0,0.8,0.2,0.0,0.2,100,26.54145,729.855,201.17414
0,0.8,0.0,0.8,0.8,100,3.593,1589.81,391.68019
0,0.8,0.0,0.8,0.5,100,5.78855,1184.37,333.25652
0,0.8,0.0,0.8,0.2,100,8.2326,836.8,277.35381
0,0.8,0.0,0.5,0.8,100,6.6374,1437.06,347.31343
0,0.8,0.0,0.5,0.5,100,10.79765,1031.62,287.97817
0,0.8,0.0,0.5,0.2,100,16.4667,684.05,231.84428
0,0.5,0.0,0.2,0.8,100,17.8589,1196.66,261.27723000000003
0,0.5,0.0,0.2,0.2,100,44.4567,443.65,142.96364
90,0.0,0.2,0.2,0.2,100,61.93195,504.72,112.33435
0,0.2,0.0,0.2,0.2,100,66.1804,342.915,99.79471
0,0.0,0.8,0.8,0.5,100,4.72095,1856.345,378.85728
0,0.0,0.8,0.8,0.2,100,8.48495,1508.775,324.54046999999997
0,0.0,0.8,0.5,0.8,100,3.3,2109.035,389.99277
0,0.0,0.8,0.5,0.5,100,7.48255,1703.595,333.0703
0,0.0,0.8,0.5,0.2,100,14.203299999999999,1356.025,277.89753
0,0.0,0.8,0.2,0.8,100,4.69315,2003.005,348.44602
0,0.0,0.8,0.2,0.5,100,10.866900000000001,1597.565,290.70882
0,0.0,0.8,0.2,0.2,100,22.032899999999998,1249.995,234.86736000000002
0,0.0,0.5,0.8,0.8,100,4.9121999999999995,1829.07,377.02455000000003
0,0.0,0.5,0.8,0.5,100,8.763150000000001,1423.63,319.53919
0,0.0,0.5,0.8,0.2,100,15.243599999999999,1076.06,263.74485
0,0.0,0.5,0.5,0.8,100,7.740450000000001,1676.32,331.2646
0,0.0,0.5,0.5,0.5,100,13.9826,1270.88,272.73368
0,0.0,0.5,0.5,0.2,100,24.601300000000002,923.31,216.62425
0,0.0,0.5,0.2,0.8,100,11.19635,1570.29,288.9146
0,0.0,0.5,0.2,0.5,100,20.825300000000002,1164.85,230.24937999999997
0,0.0,0.5,0.2,0.2,100,37.55055,817.28,172.98821
0,0.0,0.2,0.8,0.8,100,9.142949999999999,1516.51,320.48974
0,0.0,0.2,0.8,0.5,100,15.586400000000001,1111.07,261.55786
0,0.0,0.2,0.8,0.2,100,26.9893,763.5,204.24080999999998
0,0.0,0.2,0.5,0.8,100,14.8357,1363.76,274.14216
0,0.0,0.2,0.5,0.5,100,25.04855,958.32,214.29084999999998
0,0.0,0.2,0.5,0.2,100,41.999700000000004,610.75,156.75397999999998
0,0.0,0.8,0.8,0.8,100,2.2454,2261.785,435.46262
0,0.2,0.0,0.2,0.5,100,44.24525,690.485,158.4186
0,0.2,0.8,0.8,0.0,100,9.94345,1358.8,314.15522
0,0.2,0.0,0.2,0.8,100,28.835,1095.925,219.20048
0,0.2,0.8,0.5,0.0,100,16.78475,1206.05,267.6922
0,0.2,0.8,0.2,0.0,100,27.51875,1100.02,224.81444
0,0.2,0.8,0.0,0.8,100,4.69845,1993.035,347.77756999999997
0,0.2,0.8,0.0,0.5,100,10.7249,1587.595,289.91516
0,0.2,0.8,0.0,0.2,100,21.78405,1240.025,234.10665
0,0.2,0.5,0.8,0.0,100,17.08645,926.085,252.47992
0,0.2,0.5,0.5,0.0,100,28.131050000000002,773.335,205.54715
0,0.2,0.5,0.2,0.0,100,43.251099999999994,667.305,162.32546
0,0.2,0.5,0.0,0.8,100,11.129249999999999,1560.32,288.43579
0,0.2,0.5,0.0,0.5,100,20.573600000000003,1154.88,229.50303
0,0.2,0.5,0.0,0.2,100,37.3711,807.31,172.41494999999998
0,0.2,0.2,0.8,0.0,100,28.4513,613.525,192.77675
0,0.2,0.2,0.5,0.0,100,44.16535,460.775,145.68749
0,0.2,0.2,0.2,0.0,100,65.31604999999999,354.745,101.14300999999999
0,0.2,0.2,0.0,0.8,100,22.781149999999997,1247.76,230.13711999999998
0,0.2,0.2,0.0,0.5,100,38.070100000000004,842.32,170.07480999999999
0,0.2,0.2,0.0,0.2,100,62.234449999999995,494.75,111.54199
0,0.2,0.0,0.8,0.8,100,10.906749999999999,1354.705,308.55203
0,0.2,0.0,0.8,0.5,100,18.1476,949.265,248.89986000000002
0,0.2,0.0,0.8,0.2,100,28.47565,601.695,191.33131
0,0.2,0.0,0.5,0.8,100,18.05565,1201.955,262.04481
0,0.2,0.0,0.5,0.5,100,28.93095,796.515,202.01291
0,0.2,0.0,0.5,0.2,100,44.43645000000001,448.945,144.10348
0,0.8,0.8,0.8,0.0,100,3.0385500000000003,1593.905,397.59455
90,0.0,0.2,0.2,0.5,100,38.4155,852.29,170.94295999999997
90,0.8,0.8,0.8,0.0,100,3.02825,1593.905,397.49545
90,0.8,0.0,0.2,0.2,100,28.557100000000002,578.02,189.13146
90,0.5,0.8,0.5,0.0,100,10.2089,1306.785,309.00875
90,0.5,0.8,0.2,0.0,100,16.75635,1200.755,266.69471
90,0.5,0.8,0.0,0.8,100,3.33815,2093.77,388.26536999999996
90,0.5,0.8,0.0,0.5,100,7.511699999999999,1688.33,331.23766
90,0.5,0.8,0.0,0.2,100,14.0442,1340.76,276.46963
90,0.5,0.5,0.8,0.0,100,10.0227,1026.82,293.27803
90,0.5,0.5,0.5,0.0,100,17.30075,874.07,247.20141999999998
90,0.5,0.5,0.2,0.0,100,27.796,768.04,204.76454
90,0.5,0.5,0.0,0.8,100,7.5998,1661.055,329.63426
90,0.5,0.5,0.0,0.5,100,13.780999999999999,1255.615,271.45972
90,0.5,0.5,0.0,0.2,100,24.23275,908.045,214.76779
90,0.5,0.2,0.8,0.0,100,15.639249999999999,714.26,234.57939
90,0.5,0.2,0.5,0.0,100,27.308899999999998,561.51,188.01008000000002
90,0.5,0.2,0.2,0.0,100,44.13565,455.48,144.57268
90,0.5,0.2,0.0,0.8,100,14.66675,1348.495,272.36826
90,0.5,0.2,0.0,0.5,100,24.8259,943.055,212.59407
90,0.5,0.2,0.0,0.2,100,41.85285,595.485,155.03435
90,0.5,0.0,0.8,0.8,100,6.558949999999999,1455.44,348.57502999999997
90,0.5,0.0,0.8,0.5,100,10.8474,1050.0,289.40631
90,0.5,0.0,0.8,0.2,100,16.5046,702.43,232.85511
90,0.5,0.0,0.5,0.8,100,11.0479,1302.69,303.33896
90,0.5,0.0,0.5,0.5,100,18.2837,897.25,243.44603999999998
90,0.5,0.0,0.5,0.2,100,27.72055,549.68,186.3332
90,0.5,0.8,0.8,0.0,100,5.9704999999999995,1459.535,354.21595
90,0.8,0.0,0.2,0.5,100,17.8674,925.59,246.77508999999998
90,0.5,0.0,0.2,0.5,100,28.84575,791.22,201.10732
90,0.8,0.0,0.2,0.8,100,10.85465,1331.03,306.41656
90,0.8,0.8,0.5,0.0,100,5.98585,1441.155,353.0267
90,0.8,0.8,0.2,0.0,100,9.87955,1335.125,311.99053
90,0.8,0.8,0.0,0.8,100,2.27495,2228.14,432.56010000000003
90,0.8,0.8,0.0,0.5,100,4.7322500000000005,1822.7,376.32441
90,0.8,0.8,0.0,0.2,100,8.3804,1475.13,321.63741
90,0.8,0.5,0.8,0.0,100,5.23015,1161.19,337.12725
90,0.8,0.5,0.5,0.0,100,10.13725,1008.44,292.14481
90,0.8,0.5,0.2,0.0,100,17.08085,902.41,250.54295
90,0.8,0.5,0.0,0.8,100,4.8773,1795.425,374.50818
90,0.8,0.5,0.0,0.5,100,8.60275,1389.985,316.425
90,0.8,0.5,0.0,0.2,100,14.89635,1042.415,260.94136
90,0.8,0.2,0.8,0.0,100,7.8048,848.63,278.73338
90,0.8,0.2,0.5,0.0,100,15.7894,695.88,233.29855
90,0.8,0.2,0.2,0.0,100,28.13,589.85,190.7275
90,0.8,0.2,0.0,0.8,100,9.05135,1482.865,317.47127
90,0.8,0.2,0.0,0.5,100,15.2434,1077.425,258.73859
90,0.8,0.2,0.0,0.2,100,26.66435,729.855,201.43541000000002
90,0.8,0.0,0.8,0.8,100,3.58035,1589.81,391.78885
90,0.8,0.0,0.8,0.5,100,5.8207,1184.37,333.27
90,0.8,0.0,0.8,0.2,100,8.2013,836.8,276.99886
90,0.8,0.0,0.5,0.8,100,6.6255500000000005,1437.06,347.38428999999996
90,0.8,0.0,0.5,0.5,100,10.802349999999999,1031.62,288.23920999999996
90,0.8,0.0,0.5,0.2,100,16.46695,684.05,231.63100999999997
90,0.5,0.0,0.2,0.8,100,17.91545,1196.66,261.281
90,0.5,0.0,0.2,0.2,100,44.5206,443.65,143.06413
90,0.0,0.2,0.2,0.8,100,22.941100000000002,1257.73,230.86894
90,0.2,0.0,0.2,0.2,100,66.16255,342.915,99.67651
90,0.0,0.8,0.8,0.5,100,4.73965,1856.345,378.90629
90,0.0,0.8,0.8,0.2,100,8.5586,1508.775,324.50147
90,0.0,0.8,0.5,0.8,100,3.3139,2109.035,389.76565000000005
90,0.0,0.8,0.5,0.5,100,7.4835,1703.595,332.84448
90,0.0,0.8,0.5,0.2,100,14.174249999999999,1356.025,277.93497
90,0.0,0.8,0.2,0.8,100,4.6499,2003.005,348.21519
90,0.0,0.8,0.2,0.5,100,10.838099999999999,1597.565,290.96704
90,0.0,0.8,0.2,0.2,100,22.024,1249.995,234.87271
90,0.0,0.5,0.8,0.8,100,4.89915,1829.07,377.23557
90,0.0,0.5,0.8,0.5,100,8.734449999999999,1423.63,319.65101
90,0.0,0.5,0.8,0.2,100,15.15845,1076.06,263.39763999999997
90,0.0,0.5,0.5,0.8,100,7.691649999999999,1676.32,331.16312
90,0.0,0.5,0.5,0.5,100,14.035699999999999,1270.88,272.71999
90,0.0,0.5,0.5,0.2,100,24.631999999999998,923.31,216.13558
90,0.0,0.5,0.2,0.8,100,11.1597,1570.29,289.19651
90,0.0,0.5,0.2,0.5,100,20.8277,1164.85,230.24681
90,0.0,0.5,0.2,0.2,100,37.4227,817.28,172.99522000000002
90,0.0,0.2,0.8,0.8,100,9.155850000000001,1516.51,320.39732
90,0.0,0.2,0.8,0.5,100,15.5875,1111.07,261.36453
90,0.0,0.2,0.8,0.2,100,26.9665,763.5,204.31497
90,0.0,0.2,0.5,0.8,100,14.818400000000002,1363.76,274.03657
90,0.0,0.2,0.5,0.5,100,25.16685,958.32,214.18658
90,0.0,0.2,0.5,0.2,100,41.9579,610.75,156.66642
90,0.0,0.8,0.8,0.8,100,2.2403,2261.785,435.34345
90,0.2,0.0,0.2,0.5,100,44.1683,690.485,158.7806
90,0.2,0.8,0.8,0.0,100,9.906,1358.8,313.86854999999997
90,0.2,0.0,0.2,0.8,100,28.81355,1095.925,219.16681
90,0.2,0.8,0.5,0.0,100,16.77635,1206.05,267.83464
90,0.2,0.8,0.2,0.0,100,27.49755,1100.02,224.52176
90,0.2,0.8,0.0,0.8,100,4.68635,1993.035,347.41859
90,0.2,0.8,0.0,0.5,100,10.734300000000001,1587.595,290.17409
90,0.2,0.8,0.0,0.2,100,21.824749999999998,1240.025,234.00628
90,0.2,0.5,0.8,0.0,100,17.0937,926.085,252.42181
90,0.2,0.5,0.5,0.0,100,28.13445,773.335,205.63476
90,0.2,0.5,0.2,0.0,100,43.1497,667.305,162.24701000000002
90,0.2,0.5,0.0,0.8,100,11.1499,1560.32,288.47634
90,0.2,0.5,0.0,0.5,100,20.581349999999997,1154.88,229.44490000000002
90,0.2,0.5,0.0,0.2,100,37.3617,807.31,172.25141
90,0.2,0.2,0.8,0.0,100,28.3932,613.525,192.80535
90,0.2,0.2,0.5,0.0,100,44.1092,460.775,145.33378000000002
90,0.2,0.2,0.2,0.0,100,65.3273,354.745,101.05225
90,0.2,0.2,0.0,0.8,100,22.8293,1247.76,230.42484000000002
90,0.2,0.2,0.0,0.5,100,37.95315,842.32,170.30002000000002
90,0.2,0.2,0.0,0.2,100,62.1717,494.75,111.67802
90,0.2,0.0,0.8,0.8,100,10.95335,1354.705,308.3658
90,0.2,0.0,0.8,0.5,100,18.164,949.265,248.89559
90,0.2,0.0,0.8,0.2,100,28.581950000000003,601.695,191.30002000000002
90,0.2,0.0,0.5,0.8,100,18.0095,1201.955,262.06539
90,0.2,0.0,0.5,0.5,100,28.87855,796.515,201.92466000000002
90,0.2,0.0,0.5,0.2,100,44.24035,448.945,143.77595
270,0.8,0.8,0.8,0.0,100,3.0305,1593.905,397.5398
