id,latin,family,category,origin,climate,common,tempmax_celsius,tempmin_celsius,ideallight,toleratedlight,watering,use,normalized_light_need,supports_direct_sun,supports_diffused_light,supports_bright_light,light_flexibility,indoor_use_score,temp_context_score,plant_group,direct_sun_min_h_day,direct_sun_max_h_day,preferred_shadow_min_h_day,preferred_shadow_max_h_day,lux_min,lux_max,humidity_min_percent,humidity_max_percent,soil_moisture_class_0_4,drought_tolerance_0_1,sun_center_h_day,sun_range_h_day,shadow_center_h_day,shadow_range_h_day,lux_center,lux_range,humidity_center_percent,humidity_range_percent,temp_preferred_min_c,temp_preferred_max_c,temp_preferred_center_c,temp_preferred_range_c,plant_variety_cluster,plant_cluster_label,plant_light_index,bridge_cluster_id,bridge_cluster_label
0,Aeschynanthus lobianus,Gesneriaceae,Hanging,Java,Tropical,Lipstick,32,14,Bright light,Direct sunlight,Keep moist between watering. Can be a bit dry between watering,Hanging; Flower; Tertiary,high_light,1,0,1,1,0,2,high_light,6.0,8.0,0.0,2.0,10000.0,100000.0,45.0,75.0,3.5,0.25,7.0,2.0,1.0,2.0,55000.0,90000.0,60.0,30.0,14,32,23.0,18,0,cluster_0,0.7916666666666667,0,bridge_cluster_0
1,Adiantum raddianum,Polypodiaceae,Fern,Brazil,Tropical,Maindenhair; Delta maidenhair,30,12,Bright light,Diffused,Keep moist between watering. Must not be dry between watering,Potted plant; Ground cover; Table top,shade_tolerant,0,1,1,1,3,2,shade_tolerant,0.0,1.0,7.0,9.0,500.0,8000.0,60.0,90.0,4.0,0.1,0.5,1.0,8.0,2.0,4250.0,7500.0,75.0,30.0,12,30,21.0,18,5,cluster_5,0.020833333333333332,3,bridge_cluster_3
2,Aechmea fatsiata,Bromeliaceae,Bromeliad,Brazil,Tropical humid,Silver vase,30,12,Bright light,Diffused,Water when soil is half dry. Change water in the vase regularly.,Flower; Table top; Tertiary,bright_indirect,0,1,1,1,1,2,bright_indirect,0.0,2.0,6.0,8.0,800.0,10000.0,60.0,90.0,3.0,0.45,1.0,2.0,7.0,2.0,5400.0,9200.0,75.0,30.0,12,30,21.0,18,4,cluster_4,0.052996715927750404,1,bridge_cluster_1
3,Agave angustilolia Marginata,Amaryllidaceae,Cactus And Succulent,India,Tropical,Variegated Carabbean Agave; Century plant,35,5,6 or more hours of direct sunlight per day.,Direct sunlight.,Water only when the soil is dry. Must be dry between watering,Potted plant; Primary; Secondary,high_light,1,0,0,2,1,2,high_light,6.0,8.0,0.0,2.0,10000.0,100000.0,20.0,50.0,1.0,0.9,7.0,2.0,1.0,2.0,55000.0,90000.0,35.0,30.0,5,35,20.0,30,2,cluster_2,0.7916666666666667,0,bridge_cluster_0
4,Aechmea ramosa,Bromeliaceae,Bromeliad,Brazil,Subtropical,Coral berry,30,12,Bright light,Diffused,Water when soil is half dry. Change water in the vase regularly.,Flower; Table top; Primary,bright_indirect,0,1,1,1,1,2,bright_indirect,0.0,2.0,6.0,8.0,800.0,10000.0,40.0,70.0,3.0,0.45,1.0,2.0,7.0,2.0,5400.0,9200.0,55.0,30.0,12,30,21.0,18,4,cluster_4,0.052996715927750404,1,bridge_cluster_1
5,Aechmea fasciata,Bromeliaceae,Bromeliad,Hybrid,Tropical humid,Silver vase,30,12,Bright light,Diffused,Water when soil is half dry. Change water in the vase regularly.,Flower; Table top; Tertiary,bright_indirect,0,1,1,1,1,2,bright_indirect,0.0,2.0,6.0,8.0,800.0,10000.0,60.0,90.0,3.0,0.45,1.0,2.0,7.0,2.0,5400.0,9200.0,75.0,30.0,12,30,21.0,18,4,cluster_4,0.052996715927750404,1,bridge_cluster_1
6,Agave filifera,Amaryllidaceae,Cactus And Succulent,Mexico,Arid Tropical,Thread Agave; Century plant,35,5,6 or more hours of direct sunlight per day.,Direct sunlight.,Water only when the soil is dry. Must be dry between watering,Potted plant; Primary; Secondary,high_light,1,0,0,2,1,2,high_light,6.0,8.0,0.0,2.0,10000.0,100000.0,20.0,50.0,1.0,0.9,7.0,2.0,1.0,2.0,55000.0,90000.0,35.0,30.0,5,35,20.0,30,2,cluster_2,0.7916666666666667,0,bridge_cluster_0
7,Adiantum hispidulum,Polypodiaceae,Fern,Australia & New Guinea,Tropical,Rosy Maidenhair; Autralian maidenhair,30,12,Bright light,Diffused,Keep moist between watering. Must not be dry between watering,Table top; Ground cover; Tertiary,shade_tolerant,0,1,1,1,2,2,shade_tolerant,0.0,1.0,7.0,9.0,500.0,8000.0,60.0,90.0,4.0,0.1,0.5,1.0,8.0,2.0,4250.0,7500.0,75.0,30.0,12,30,21.0,18,5,cluster_5,0.020833333333333332,3,bridge_cluster_3
8,Agave attenuata,Amaryllidaceae,Cactus And Succulent,Mexico,Arid Tropical,Dragon tree Agave; Century plant,35,5,6 or more hours of direct sunlight per day.,Direct sunlight.,Water only when the soil is dry. Must be dry between watering,Potted plant; Primary; Secondary,high_light,1,0,0,2,1,2,high_light,6.0,8.0,0.0,2.0,10000.0,100000.0,20.0,50.0,1.0,0.9,7.0,2.0,1.0,2.0,55000.0,90000.0,35.0,30.0,5,35,20.0,30,2,cluster_2,0.7916666666666667,0,bridge_cluster_0
9,Aglaonema,Araceae,Aglaonema,Hybrid,Tropical,Chinese Evergreen; Amelia,28,18,Bright light,Diffused,Keep moist between watering. Water when soil is half dry.,Potted plant; Secondary; Tertiary,shade_tolerant,0,1,1,1,1,2,shade_tolerant,0.0,1.0,7.0,9.0,500.0,8000.0,45.0,75.0,3.5,0.25,0.5,1.0,8.0,2.0,4250.0,7500.0,60.0,30.0,18,28,23.0,10,6,cluster_6,0.020833333333333332,3,bridge_cluster_3
10,Aglaonema,Araceae,Aglaonema,Hybrid,Tropical,Chinese Evergreen; Painted Princess,28,18,Bright light,Diffused,Keep moist between watering. Water when soil is half dry.,Potted plant; Secondary; Tertiary,shade_tolerant,0,1,1,1,1,2,shade_tolerant,0.0,1.0,7.0,9.0,500.0,8000.0,45.0,75.0,3.5,0.25,0.5,1.0,8.0,2.0,4250.0,7500.0,60.0,30.0,18,28,23.0,10,6,cluster_6,0.020833333333333332,3,bridge_cluster_3
11,Aglaonema,Araceae,Aglaonema,Hybrid,Tropical,Chinese Evergreen; Queen of Siam,28,18,Bright light,Diffused,Keep moist between watering. Water when soil is half dry.,Potted plant; Secondary; Tertiary,shade_tolerant,0,1,1,1,1,2,shade_tolerant,0.0,1.0,7.0,9.0,500.0,8000.0,45.0,75.0,3.5,0.25,0.5,1.0,8.0,2.0,4250.0,7500.0,60.0,30.0,18,28,23.0,10,6,cluster_6,0.020833333333333332,3,bridge_cluster_3
12,Aglaonema,Araceae,Aglaonema,Hybrid,Tropical,Chinese Evergreen; Jewel of India,28,18,Bright light,Diffused,Keep moist between watering. Water when soil is half dry.,Table top; Ground cover; Tertiary,shade_tolerant,0,1,1,1,2,2,shade_tolerant,0.0,1.0,7.0,9.0,500.0,8000.0,45.0,75.0,3.5,0.25,0.5,1.0,8.0,2.0,4250.0,7500.0,60.0,30.0,18,28,23.0,10,6,cluster_6,0.020833333333333332,3,bridge_cluster_3
13,Aglaonema,Araceae,Aglaonema,Hybrid,Tropical,Chinese Evergreen; Patricia,28,18,Bright light,Diffused,Keep moist between watering. Water when soil is half dry.,Potted plant; Secondary; Tertiary,shade_tolerant,0,1,1,1,1,2,shade_tolerant,0.0,1.0,7.0,9.0,500.0,8000.0,45.0,75.0,3.5,0.25,0.5,1.0,8.0,2.0,4250.0,7500.0,60.0,30.0,18,28,23.0,10,6,cluster_6,0.020833333333333332,3,bridge_cluster_3
14,Aglaonema,Araceae,Aglaonema,Hybrid,Tropical,Chinese Evergreen; Green Lady,28,18,Bright light,Diffused,Keep moist between watering. Water when soil is half dry.,Potted plant; Secondary; Tertiary,shade_tolerant,0,1,1,1,1,2,shade_tolerant,0.0,1.0,7.0,9.0,500.0,8000.0,45.0,75.0,3.5,0.25,0.5,1.0,8.0,2.0,4250.0,7500.0,60.0,30.0,18,28,23.0,10,6,cluster_6,0.020833333333333332,3,bridge_cluster_3
15,Aglaonema,Araceae,Aglaonema,Hybrid,Tropical,Chinese Evergreen; Black Lance,28,18,Bright light,Diffused,Keep moist between watering. Water when soil is half dry.,Potted plant; Secondary; Tertiary,shade_tolerant,0,1,1,1,1,2,shade_tolerant,0.0,1.0,7.0,9.0,500.0,8000.0,45.0,75.0,3.5,0.25,0.5,1.0,8.0,2.0,4250.0,7500.0,60.0,30.0,18,28,23.0,10,6,cluster_6,0.020833333333333332,3,bridge_cluster_3
16,Aglaonema,Araceae,Aglaonema,Hybrid,Tropical,Chinese Evergreen; Silver Queen,28,18,Bright light,Diffused,Keep moist between watering. Water when soil is half dry.,Potted plant; Secondary; Tertiary,shade_tolerant,0,1,1,1,1,2,shade_tolerant,0.0,1.0,7.0,9.0,500.0,8000.0,45.0,75.0,3.5,0.25,0.5,1.0,8.0,2.0,4250.0,7500.0,60.0,30.0,18,28,23.0,10,6,cluster_6,0.020833333333333332,3,bridge_cluster_3
17,Aglaonema,Araceae,Aglaonema,Hybrid,Tropical,Chinese Evergreen; Rapsody in Green,28,18,Bright light,Diffused,Keep moist between watering. Water when soil is half dry.,Potted plant; Primary; Secondary,shade_tolerant,0,1,1,1,1,2,shade_tolerant,0.0,1.0,7.0,9.0,500.0,8000.0,45.0,75.0,3.5,0.25,0.5,1.0,8.0,2.0,4250.0,7500.0,60.0,30.0,18,28,23.0,10,6,cluster_6,0.020833333333333332,3,bridge_cluster_3
18,Aglaonema,Araceae,Aglaonema,Hybrid,Tropical,Chinese Evergreen; Manila Pride,28,18,Bright light,Diffused,Keep moist between watering. Water when soil is half dry.,Potted plant; Secondary; Tertiary,shade_tolerant,0,1,1,1,1,2,shade_tolerant,0.0,1.0,7.0,9.0,500.0,8000.0,45.0,75.0,3.5,0.25,0.5,1.0,8.0,2.0,4250.0,7500.0,60.0,30.0,18,28,23.0,10,6,cluster_6,0.020833333333333332,3,bridge_cluster_3
19,Agave verschaffeltii,Amaryllidaceae,Cactus And Succulent,Mexico,Arid Tropical,Blue Agave; Century plant,35,12,6 or more hours of direct sunlight per day.,Direct sunlight.,Water only when the soil is dry. Must be dry between watering,Potted plant; Primary; Secondary,high_light,1,0,0,2,1,2,high_light,6.0,8.0,0.0,2.0,10000.0,100000.0,20.0,50.0,1.0,0.9,7.0,2.0,1.0,2.0,55000.0,90000.0,35.0,30.0,12,35,23.5,23,2,cluster_2,0.7916666666666667,0,bridge_cluster_0
20,Aglaonema,Araceae,Aglaonema,Hybrid,Tropical,Chinese Evergreen; Emerald Beauty,28,18,Bright light,Diffused,Keep moist between watering. Water when soil is half dry.,Table top; Ground cover; Tertiary,shade_tolerant,0,1,1,1,2,2,shade_tolerant,0.0,1.0,7.0,9.0,500.0,8000.0,45.0,75.0,3.5,0.25,0.5,1.0,8.0,2.0,4250.0,7500.0,60.0,30.0,18,28,23.0,10,6,cluster_6,0.020833333333333332,3,bridge_cluster_3
21,Aglaonema,Araceae,Aglaonema,Hybrid,Tropical,Chinese Evergreen; Jubilee,28,18,Bright light,Diffused,Keep moist between watering. Water when soil is half dry.,Potted plant; Secondary; Tertiary,shade_tolerant,0,1,1,1,1,2,shade_tolerant,0.0,1.0,7.0,9.0,500.0,8000.0,45.0,75.0,3.5,0.25,0.5,1.0,8.0,2.0,4250.0,7500.0,60.0,30.0,18,28,23.0,10,6,cluster_6,0.020833333333333332,3,bridge_cluster_3
22,Agave striata,Amaryllidaceae,Cactus And Succulent,Mexico,Arid Tropical,Lilliput Agave; Century plant; Nana,35,12,6 or more hours of direct sunlight per day.,Direct sunlight.,Water only when the soil is dry. Must be dry between watering,Potted plant; Primary; Secondary,high_light,1,0,0,2,1,2,high_light,6.0,8.0,0.0,2.0,10000.0,100000.0,20.0,50.0,1.0,0.9,7.0,2.0,1.0,2.0,55000.0,90000.0,35.0,30.0,12,35,23.5,23,2,cluster_2,0.7916666666666667,0,bridge_cluster_0
23,Aglaonema,Araceae,Aglaonema,Hybrid,Tropical,Chinese Evergreen; Abidjan,28,18,Bright light,Diffused,Keep moist between watering. Water when soil is half dry.,Potted plant; Secondary; Tertiary,shade_tolerant,0,1,1,1,1,2,shade_tolerant,0.0,1.0,7.0,9.0,500.0,8000.0,45.0,75.0,3.5,0.25,0.5,1.0,8.0,2.0,4250.0,7500.0,60.0,30.0,18,28,23.0,10,6,cluster_6,0.020833333333333332,3,bridge_cluster_3
24,Aglaonema,Araceae,Aglaonema,Hybrid,Tropical,Chinese Evergreen; Maria Chirstina,28,18,Bright light,Diffused,Keep moist between watering. Water when soil is half dry.,Potted plant; Ground cover; Tertiary,shade_tolerant,0,1,1,1,2,2,shade_tolerant,0.0,1.0,7.0,9.0,500.0,8000.0,45.0,75.0,3.5,0.25,0.5,1.0,8.0,2.0,4250.0,7500.0,60.0,30.0,18,28,23.0,10,6,cluster_6,0.020833333333333332,3,bridge_cluster_3
25,Alocasia nebula Imperialis,Araceae,Other,Cultivar,Tropical humid,Elephant ear,28,15,Bright light,Direct sunlight.,Keep moist between watering. Water when soil is half dry.,Colors / Forms; Table top; Tertiary,high_light,1,0,1,1,1,2,high_light,6.0,8.0,0.0,2.0,10000.0,100000.0,60.0,90.0,3.5,0.25,7.0,2.0,1.0,2.0,55000.0,90000.0,75.0,30.0,15,28,21.5,13,0,cluster_0,0.7916666666666667,0,bridge_cluster_0
26,Aglaonema,Araceae,Aglaonema,Hybrid,Tropical,Chinese Evergreen; Emerald Isle,28,18,Bright light,Diffused,Keep moist between watering. Water when soil is half dry.,Potted plant; Secondary; Tertiary,shade_tolerant,0,1,1,1,1,2,shade_tolerant,0.0,1.0,7.0,9.0,500.0,8000.0,45.0,75.0,3.5,0.25,0.5,1.0,8.0,2.0,4250.0,7500.0,60.0,30.0,18,28,23.0,10,6,cluster_6,0.020833333333333332,3,bridge_cluster_3
27,Aglaonema,Araceae,Aglaonema,Hybrid,Tropical,Chinese Evergreen; Mary Ann,28,18,Bright light,Diffused,Keep moist between watering. Water when soil is half dry.,Potted plant; Secondary; Tertiary,shade_tolerant,0,1,1,1,1,2,shade_tolerant,0.0,1.0,7.0,9.0,500.0,8000.0,45.0,75.0,3.5,0.25,0.5,1.0,8.0,2.0,4250.0,7500.0,60.0,30.0,18,28,23.0,10,6,cluster_6,0.020833333333333332,3,bridge_cluster_3
28,Allamanda nerifolia,Apocynaceae,Flower,Brazil,Tropical,Golden Trumpet,30,10,6 or more hours of direct sunlight per day.,Direct sunlight.,Keep moist between watering. Water when soil is half dry.,Flower,high_light,1,0,0,2,0,2,high_light,6.0,8.0,0.0,2.0,10000.0,100000.0,45.0,75.0,3.5,0.25,7.0,2.0,1.0,2.0,55000.0,90000.0,60.0,30.0,10,30,20.0,20,0,cluster_0,0.7916666666666667,0,bridge_cluster_0
29,Aglaonema,Araceae,Aglaonema,Hybrid,Tropical,Chinese Evergreen; BJ Freeman,28,18,Bright light,Diffused,Keep moist between watering. Water when soil is half dry.,Potted plant; Primary; Secondary,shade_tolerant,0,1,1,1,1,2,shade_tolerant,0.0,1.0,7.0,9.0,500.0,8000.0,45.0,75.0,3.5,0.25,0.5,1.0,8.0,2.0,4250.0,7500.0,60.0,30.0,18,28,23.0,10,6,cluster_6,0.020833333333333332,3,bridge_cluster_3
30,Aglaonema,Araceae,Aglaonema,Hybrid,Tropical,Chinese Evergreen; Marguerita,28,18,Bright light,Diffused,Keep moist between watering. Water when soil is half dry.,Potted plant; Primary; Secondary,shade_tolerant,0,1,1,1,1,2,shade_tolerant,0.0,1.0,7.0,9.0,500.0,8000.0,45.0,75.0,3.5,0.25,0.5,1.0,8.0,2.0,4250.0,7500.0,60.0,30.0,18,28,23.0,10,6,cluster_6,0.020833333333333332,3,bridge_cluster_3
31,Aglaonema,Araceae,Aglaonema,Hybrid,Tropical,Chinese Evergreen; Emerald Star,28,18,Bright light,Diffused,Keep moist between watering. Water when soil is half dry.,Potted plant; Secondary; Secondary,shade_tolerant,0,1,1,1,1,2,shade_tolerant,0.0,1.0,7.0,9.0,500.0,8000.0,45.0,75.0,3.5,0.25,0.5,1.0,8.0,2.0,4250.0,7500.0,60.0,30.0,18,28,23.0,10,6,cluster_6,0.020833333333333332,3,bridge_cluster_3
32,Aglaonema,Araceae,Aglaonema,Hybrid,Tropical,Chinese Evergreen; Silver Bay,28,18,Bright light,Diffused,Keep moist between watering. Water when soil is half dry.,Potted plant; Secondary; Tertiary,shade_tolerant,0,1,1,1,1,2,shade_tolerant,0.0,1.0,7.0,9.0,500.0,8000.0,45.0,75.0,3.5,0.25,0.5,1.0,8.0,2.0,4250.0,7500.0,60.0,30.0,18,28,23.0,10,6,cluster_6,0.020833333333333332,3,bridge_cluster_3
33,Aspidistra elatior,Liliaceae,Foliage plant,China,Subtropical,Cast iron plant,28,8,Bright light,Diffused,Water when soil is half dry. Can be dry between watering.,Ground cover; Potted plant,bright_indirect,0,1,1,1,2,2,bright_indirect,0.0,2.0,6.0,8.0,800.0,10000.0,40.0,70.0,3.0,0.45,1.0,2.0,7.0,2.0,5400.0,9200.0,55.0,30.0,8,28,18.0,20,4,cluster_4,0.052996715927750404,1,bridge_cluster_1
34,Anthurium superbum,Araceae,Anthurium,Ecuador,Tropical,Bronze Anthurium,28,18,Bright light,Diffused,Water when soil is half dry. Can be dry between watering.,Table top; Colors / Forms; Secondary,bright_indirect,0,1,1,1,1,2,bright_indirect,0.0,2.0,6.0,8.0,800.0,10000.0,45.0,75.0,3.0,0.45,1.0,2.0,7.0,2.0,5400.0,9200.0,60.0,30.0,18,28,23.0,10,1,cluster_1,0.052996715927750404,1,bridge_cluster_1
35,Caryota mitis,Palmae,Palm,India,Tropical,Fish tail palm,25,10,Bright light,Diffused,Keep moist between watering. Must not be dry between watering,Potted plant; Primary,bright_indirect,0,1,1,1,1,1,bright_indirect,0.0,2.0,6.0,8.0,800.0,10000.0,45.0,75.0,4.0,0.1,1.0,2.0,7.0,2.0,5400.0,9200.0,60.0,30.0,10,25,17.5,15,4,cluster_4,0.052996715927750404,1,bridge_cluster_1
36,Codiaeum petra,Euphorbiaceae,Foliage plant,Cultivar,Tropical,Croton,28,10,6 or more hours of direct sunlight per day.,Direct sunlight.,Keep moist between watering. Water when soil is half dry.,Potted plant; Secondary,high_light,1,0,0,2,1,2,high_light,6.0,8.0,0.0,2.0,10000.0,100000.0,45.0,75.0,3.5,0.25,7.0,2.0,1.0,2.0,55000.0,90000.0,60.0,30.0,10,28,19.0,18,0,cluster_0,0.7916666666666667,0,bridge_cluster_0
37,Cereus peruvianus,Cactaceae,Cactus And Succulent,Brazil,Arid Tropical,Tree Cereus,35,5,6 or more hours of direct sunlight per day.,Direct sunlight.,Water only when dry or when soil is half dry.,Potted plant; Primary,high_light,1,0,0,2,1,2,high_light,6.0,8.0,0.0,2.0,10000.0,100000.0,20.0,50.0,3.0,0.45,7.0,2.0,1.0,2.0,55000.0,90000.0,35.0,30.0,5,35,20.0,30,0,cluster_0,0.7916666666666667,0,bridge_cluster_0
38,Blechnum gibbum,Polypodiaceae,Fern,New Calidonia,Tropical humid,Miniature tree fern; Dwarf tree fern,30,10,Bright light,Diffused,Keep moist between watering. Must not be dry between watering,Potted plant; Secondary,shade_tolerant,0,1,1,1,1,2,shade_tolerant,0.0,1.0,7.0,9.0,500.0,8000.0,60.0,90.0,4.0,0.1,0.5,1.0,8.0,2.0,4250.0,7500.0,75.0,30.0,10,30,20.0,20,5,cluster_5,0.020833333333333332,3,bridge_cluster_3
39,Chamaedorea elegans,Arecaceae,Palm,Mexico,Tropical,Bella palm; Neanthebella palm; Dwarf palm; Parlor palm,28,5,Bright light,Diffused,Keep moist between watering. Water when soil is half dry.,Potted plant; Tertiary,bright_indirect,0,1,1,1,1,2,bright_indirect,0.0,2.0,6.0,8.0,800.0,10000.0,45.0,75.0,3.5,0.25,1.0,2.0,7.0,2.0,5400.0,9200.0,60.0,30.0,5,28,16.5,23,4,cluster_4,0.052996715927750404,1,bridge_cluster_1
40,Calathea veitchiana,Marantaceae,Foliage plant,Hybrid,Tropical,Medallion Calathea,25,10,Bright light,Diffused,Keep moist between watering. Water when soil is half dry.,Table top; Ground cover,bright_indirect,0,1,1,1,2,1,bright_indirect,0.0,2.0,6.0,8.0,800.0,10000.0,45.0,75.0,3.5,0.25,1.0,2.0,7.0,2.0,5400.0,9200.0,60.0,30.0,10,25,17.5,15,4,cluster_4,0.052996715927750404,1,bridge_cluster_1
41,Calathea pictura Argentea,Marantaceae,Foliage plant,Cultivar,Tropical,Silver Calathea,25,10,Bright light,Diffused,Keep moist between watering. Water when soil is half dry.,Table top; Ground cover; Tertiary,bright_indirect,0,1,1,1,2,1,bright_indirect,0.0,2.0,6.0,8.0,800.0,10000.0,45.0,75.0,3.5,0.25,1.0,2.0,7.0,2.0,5400.0,9200.0,60.0,30.0,10,25,17.5,15,4,cluster_4,0.052996715927750404,1,bridge_cluster_1
42,Bougainvillea,Nyctaginaceae,Flower,Cultivar,Tropical,Bougainvillia; Paper flower,32,10,6 or more hours of direct sunlight per day.,Direct sunlight.,Keep moist between watering. Water when soil is half dry.,Potted plant; Colors / Forms; Primary,high_light,1,0,0,2,1,2,high_light,6.0,8.0,0.0,2.0,10000.0,100000.0,45.0,75.0,3.5,0.25,7.0,2.0,1.0,2.0,55000.0,90000.0,60.0,30.0,10,32,21.0,22,0,cluster_0,0.7916666666666667,0,bridge_cluster_0
43,Chamaedorea seifrizii,Arecaceae,Palm,Mexico,Tropical,Bamboo palm; Reed Palm,30,10,Bright light,Diffused,Keep moist between watering. Water when soil is half dry.,Potted plant; Secondary,bright_indirect,0,1,1,1,1,2,bright_indirect,0.0,2.0,6.0,8.0,800.0,10000.0,45.0,75.0,3.5,0.25,1.0,2.0,7.0,2.0,5400.0,9200.0,60.0,30.0,10,30,20.0,20,4,cluster_4,0.052996715927750404,1,bridge_cluster_1
44,Alocasia X amazonica,Araceae,Other,Hybrid,Tropical humid,Elephant ear,28,15,Bright light,Diffused,Keep moist between watering. Water when soil is half dry.,Colors / Forms; Table top; Tertiary,bright_indirect,0,1,1,1,1,2,bright_indirect,0.0,2.0,6.0,8.0,800.0,10000.0,60.0,90.0,3.5,0.25,1.0,2.0,7.0,2.0,5400.0,9200.0,75.0,30.0,15,28,21.5,13,1,cluster_1,0.052996715927750404,1,bridge_cluster_1
45,Anthurium X,Araceae,Anthurium,Cultivar,Tropical,Tailflower; Wax flower,22,18,Bright light,Diffused,Water when soil is half dry. Can be dry between watering.,Flower; Table top; Tertiary,bright_indirect,0,1,1,1,1,1,bright_indirect,0.0,2.0,6.0,8.0,800.0,10000.0,45.0,75.0,3.0,0.45,1.0,2.0,7.0,2.0,5400.0,9200.0,60.0,30.0,18,22,20.0,4,1,cluster_1,0.052996715927750404,1,bridge_cluster_1
46,Anthurium hookeri,Araceae,Anthurium,Guyana,Tropical humid,Bird nest Anthurium; Cabbage Anthurium,28,18,Bright light,Diffused,Water when soil is half dry. Can be dry between watering.,Potted plant; Secondary,bright_indirect,0,1,1,1,1,2,bright_indirect,0.0,2.0,6.0,8.0,800.0,10000.0,60.0,90.0,3.0,0.45,1.0,2.0,7.0,2.0,5400.0,9200.0,75.0,30.0,18,28,23.0,10,1,cluster_1,0.052996715927750404,1,bridge_cluster_1
47,Cissus rhombifolia,Vitaceae,Hanging,Cultivar,Subtropical,Grape Ivy; Ellen Danica,28,10,Bright light,Diffused,Keep moist between watering. Can dry between watering,Hanging; Ground cover,bright_indirect,0,1,1,1,1,2,bright_indirect,0.0,2.0,6.0,8.0,800.0,10000.0,40.0,70.0,3.5,0.25,1.0,2.0,7.0,2.0,5400.0,9200.0,55.0,30.0,10,28,19.0,18,4,cluster_4,0.052996715927750404,1,bridge_cluster_1
48,Cereus peruvianus Monstrosus,Cactaceae,Cactus And Succulent,Brazil,Arid Tropical,Monster cactus,35,5,6 or more hours of direct sunlight per day.,Direct sunlight.,Water only when dry or when soil is half dry.,Potted plant; Primary,high_light,1,0,0,2,1,2,high_light,6.0,8.0,0.0,2.0,10000.0,100000.0,20.0,50.0,3.0,0.45,7.0,2.0,1.0,2.0,55000.0,90000.0,35.0,30.0,5,35,20.0,30,0,cluster_0,0.7916666666666667,0,bridge_cluster_0
49,Chamaedorea erumpens,Arecaceae,Palm,Honduras,Tropical,Bamboo palm,28,10,Bright light,Diffused,Keep moist between watering. Water when soil is half dry.,Potted plant; Secondary,bright_indirect,0,1,1,1,1,2,bright_indirect,0.0,2.0,6.0,8.0,800.0,10000.0,45.0,75.0,3.5,0.25,1.0,2.0,7.0,2.0,5400.0,9200.0,60.0,30.0,10,28,19.0,18,4,cluster_4,0.052996715927750404,1,bridge_cluster_1
50,Calathea stromata,Marantaceae,Foliage plant,Brazil,Tropical,Stromante,25,10,Bright light,Diffused,Keep moist between watering. Water when soil is half dry.,Table top; Ground cover,bright_indirect,0,1,1,1,2,1,bright_indirect,0.0,2.0,6.0,8.0,800.0,10000.0,45.0,75.0,3.5,0.25,1.0,2.0,7.0,2.0,5400.0,9200.0,60.0,30.0,10,25,17.5,15,4,cluster_4,0.052996715927750404,1,bridge_cluster_1
51,Codiaeum,Euphorbiaceae,Foliage plant,Cultivar,Tropical,Croton,28,10,6 or more hours of direct sunlight per day.,Direct sunlight.,Keep moist between watering. Water when soil is half dry.,Secondary; Tertiary,high_light,1,0,0,2,0,2,high_light,6.0,8.0,0.0,2.0,10000.0,100000.0,45.0,75.0,3.5,0.25,7.0,2.0,1.0,2.0,55000.0,90000.0,60.0,30.0,10,28,19.0,18,0,cluster_0,0.7916666666666667,0,bridge_cluster_0
52,Calathea rufibarba,Marantaceae,Foliage plant,Brazil,Tropical,Velvet Calathea,25,10,Bright light,Diffused,Keep moist between watering. Water when soil is half dry.,Table top; Ground cover,bright_indirect,0,1,1,1,2,1,bright_indirect,0.0,2.0,6.0,8.0,800.0,10000.0,45.0,75.0,3.5,0.25,1.0,2.0,7.0,2.0,5400.0,9200.0,60.0,30.0,10,25,17.5,15,4,cluster_4,0.052996715927750404,1,bridge_cluster_1
53,Alocasias X Amazonica var,Araceae,Other,Hybrid,Tropical humid,Elephant ear,28,15,Bright light,Diffused,Keep moist between watering. Water when soil is half dry.,Colors / Forms; Table top; Tertiary,bright_indirect,0,1,1,1,1,2,bright_indirect,0.0,2.0,6.0,8.0,800.0,10000.0,60.0,90.0,3.5,0.25,1.0,2.0,7.0,2.0,5400.0,9200.0,75.0,30.0,15,28,21.5,13,1,cluster_1,0.052996715927750404,1,bridge_cluster_1
54,Crassula argentea,Crasssulaceae,Cactus And Succulent,South Africa,Subtropical arid,Jade Plant,35,12,6 or more hours of direct sunlight per day.,Direct sunlight.,Water only when the soil is dry. Must be dry between watering,Potted plant; Primary,high_light,1,0,0,2,1,2,high_light,6.0,8.0,0.0,2.0,10000.0,100000.0,20.0,50.0,1.0,0.9,7.0,2.0,1.0,2.0,55000.0,90000.0,35.0,30.0,12,35,23.5,23,2,cluster_2,0.7916666666666667,0,bridge_cluster_0
55,Alocasias X Amazonica,Araceae,Other,Hybrid,Tropical humid,Elephant ear,28,15,Bright light,Diffused,Keep moist between watering. Water when soil is half dry.,Colors / Forms; Potted plant; Primary,bright_indirect,0,1,1,1,1,2,bright_indirect,0.0,2.0,6.0,8.0,800.0,10000.0,60.0,90.0,3.5,0.25,1.0,2.0,7.0,2.0,5400.0,9200.0,75.0,30.0,15,28,21.5,13,1,cluster_1,0.052996715927750404,1,bridge_cluster_1
56,Cissus rhombifolia,Vitaceae,Hanging,Central America & South America,Tropical,Grape Ivy,28,10,Bright light,Diffused,Keep moist between watering. Can dry between watering,Hanging; Ground cover,bright_indirect,0,1,1,1,1,2,bright_indirect,0.0,2.0,6.0,8.0,800.0,10000.0,45.0,75.0,3.5,0.25,1.0,2.0,7.0,2.0,5400.0,9200.0,60.0,30.0,10,28,19.0,18,4,cluster_4,0.052996715927750404,1,bridge_cluster_1
57,Anthurium schlechtendalii,Araceae,Anthurium,Costa rica,Tropical,Bird nest Anthurium; Cabbage Anthurium,28,18,Bright light,Diffused,Water when soil is half dry. Can be dry between watering.,Potted plant; Colors / Forms; Primary,bright_indirect,0,1,1,1,1,2,bright_indirect,0.0,2.0,6.0,8.0,800.0,10000.0,45.0,75.0,3.0,0.45,1.0,2.0,7.0,2.0,5400.0,9200.0,60.0,30.0,18,28,23.0,10,1,cluster_1,0.052996715927750404,1,bridge_cluster_1
58,Chamaedorea metallica,Arecaceae,Palm,Mexico,Tropical,Miniature fishtail; Steel palm,30,10,Bright light,Diffused,Keep moist between watering. Water when soil is half dry.,Potted plant; Secondary,bright_indirect,0,1,1,1,1,2,bright_indirect,0.0,2.0,6.0,8.0,800.0,10000.0,45.0,75.0,3.5,0.25,1.0,2.0,7.0,2.0,5400.0,9200.0,60.0,30.0,10,30,20.0,20,4,cluster_4,0.052996715927750404,1,bridge_cluster_1
59,Aspidistra elatior Minor,Liliaceae,Foliage plant,Japan,Subtropical,Cast iron plant; Aspidistra Milky Way,28,8,Bright light,Diffused,Water when soil is half dry. Can be dry between watering.,Ground cover; Potted plant,bright_indirect,0,1,1,1,2,2,bright_indirect,0.0,2.0,6.0,8.0,800.0,10000.0,40.0,70.0,3.0,0.45,1.0,2.0,7.0,2.0,5400.0,9200.0,55.0,30.0,8,28,18.0,20,4,cluster_4,0.052996715927750404,1,bridge_cluster_1
60,Calathea ornata Rosea lineata,Marantaceae,Foliage plant,Cultivar,Tropical,Stiped calathea,25,10,Bright light,Diffused,Keep moist between watering. Water when soil is half dry.,Table top; Ground cover; Tertiary,bright_indirect,0,1,1,1,2,1,bright_indirect,0.0,2.0,6.0,8.0,800.0,10000.0,45.0,75.0,3.5,0.25,1.0,2.0,7.0,2.0,5400.0,9200.0,60.0,30.0,10,25,17.5,15,4,cluster_4,0.052996715927750404,1,bridge_cluster_1
61,Asplenium nidus,Aspleniaceae,Fern,Asia,Tropical humid,Birdnest fern,28,15,Bright light,Diffused,Keep moist between watering. Must not be dry between watering,Potted plant; Primary,shade_tolerant,0,1,1,1,1,2,shade_tolerant,0.0,1.0,7.0,9.0,500.0,8000.0,60.0,90.0,4.0,0.1,0.5,1.0,8.0,2.0,4250.0,7500.0,75.0,30.0,15,28,21.5,13,5,cluster_5,0.020833333333333332,3,bridge_cluster_3
62,Anthurium hookeri,Araceae,Anthurium,Guyana,Tropical humid,Bird nest Anthurium; Cabbage Anthurium,28,18,Bright light,Diffused,Water when soil is half dry. Can be dry between watering.,Potted plant; Primary,bright_indirect,0,1,1,1,1,2,bright_indirect,0.0,2.0,6.0,8.0,800.0,10000.0,60.0,90.0,3.0,0.45,1.0,2.0,7.0,2.0,5400.0,9200.0,75.0,30.0,18,28,23.0,10,1,cluster_1,0.052996715927750404,1,bridge_cluster_1
63,Chlorophytum comosum,Liliaceae,Hanging,Central Africa,Tropical to subtropical,Spider plant,28,5,Bright light,Diffused,Keep moist between watering. Water when soil is half dry.,Hanging; Ground cover,bright_indirect,0,1,1,1,1,2,bright_indirect,0.0,2.0,6.0,8.0,800.0,10000.0,40.0,70.0,3.5,0.25,1.0,2.0,7.0,2.0,5400.0,9200.0,55.0,30.0,5,28,16.5,23,4,cluster_4,0.052996715927750404,1,bridge_cluster_1
64,Didymochlaena truncatula,Dryopteridaceae,Fern,South America,Tropical humid,Tree Maindenhair fern,30,5,6 or more hours of direct sunlight per day.,Diffused,Keep moist between watering. Must not be dry between watering,Potted plant; Tertiary,high_light,1,1,0,2,1,2,high_light,6.0,8.0,0.0,2.0,10000.0,100000.0,60.0,90.0,4.0,0.1,7.0,2.0,1.0,2.0,55000.0,90000.0,75.0,30.0,5,30,17.5,25,0,cluster_0,0.7916666666666667,0,bridge_cluster_0
65,Dieffenbachia,Araceae,Dieffenbachia,Hybrid,Tropical,Dumcane; Tropic Mary Ann,28,12,Bright light,Diffused,Keep moist between watering. Can dry between watering,Table top; Potted plant,bright_indirect,0,1,1,1,2,2,bright_indirect,0.0,2.0,6.0,8.0,800.0,10000.0,45.0,75.0,3.5,0.25,1.0,2.0,7.0,2.0,5400.0,9200.0,60.0,30.0,12,28,20.0,16,4,cluster_4,0.052996715927750404,1,bridge_cluster_1
66,Dieffenbachia,Araceae,Dieffenbachia,Hybrid,Tropical,Dumcane; Star Bright,28,12,Bright light,Diffused,Keep moist between watering. Can dry between watering,Potted plant; Secondary,bright_indirect,0,1,1,1,1,2,bright_indirect,0.0,2.0,6.0,8.0,800.0,10000.0,45.0,75.0,3.5,0.25,1.0,2.0,7.0,2.0,5400.0,9200.0,60.0,30.0,12,28,20.0,16,4,cluster_4,0.052996715927750404,1,bridge_cluster_1
67,Dracaena marginata,Liliaceae,Dracaena,Cultivar,Tropical,Madagascar dragon tree; Tricolor,28,10,Bright light,Diffused,Keep moist between watering. Can dry between watering,Potted plant; Secondary,bright_indirect,0,1,1,1,1,2,bright_indirect,0.0,2.0,6.0,8.0,800.0,10000.0,45.0,75.0,3.5,0.25,1.0,2.0,7.0,2.0,5400.0,9200.0,60.0,30.0,10,28,19.0,18,4,cluster_4,0.052996715927750404,1,bridge_cluster_1
68,Dracaena fragrans Massangeana,Liliaceae,Dracaena,Cultivar,Tropical,Cornstalk plant,30,10,Bright light,Diffused,Keep moist between watering. Can dry between watering,Potted plant; Primary,bright_indirect,0,1,1,1,1,2,bright_indirect,0.0,2.0,6.0,8.0,800.0,10000.0,45.0,75.0,3.5,0.25,1.0,2.0,7.0,2.0,5400.0,9200.0,60.0,30.0,10,30,20.0,20,4,cluster_4,0.052996715927750404,1,bridge_cluster_1
69,Dracaena deremensis,Liliaceae,Dracaena,Cultivar,Tropical,Janet Craig,30,10,Bright light,Diffused,Keep moist between watering. Can dry between watering,Potted plant; Secondary,bright_indirect,0,1,1,1,1,2,bright_indirect,0.0,2.0,6.0,8.0,800.0,10000.0,45.0,75.0,3.5,0.25,1.0,2.0,7.0,2.0,5400.0,9200.0,60.0,30.0,10,30,20.0,20,4,cluster_4,0.052996715927750404,1,bridge_cluster_1
70,Cryptanthus Rose Eliane,Bromeliaceae,Bromeliad,Cultivar,Tropical,N/A,28,10,Bright light,Direct sunlight,Can be dry between watering. Water when soil is half dry.,Table top; Primary,high_light,1,0,1,1,1,2,high_light,6.0,8.0,0.0,2.0,10000.0,100000.0,45.0,75.0,3.0,0.45,7.0,2.0,1.0,2.0,55000.0,90000.0,60.0,30.0,10,28,19.0,18,0,cluster_0,0.7916666666666667,0,bridge_cluster_0
71,Dracaena reflexa,Liliaceae,Dracaena,India,Tropical,Yellow Malaysian Dracaena; Song of India,30,12,6 or more hours of direct sunlight per day.,Direct sunlight.,Keep moist between watering. Water when soil is half dry.,Potted plant; Primary,high_light,1,0,0,2,1,2,high_light,6.0,8.0,0.0,2.0,10000.0,100000.0,45.0,75.0,3.5,0.25,7.0,2.0,1.0,2.0,55000.0,90000.0,60.0,30.0,12,30,21.0,18,0,cluster_0,0.7916666666666667,0,bridge_cluster_0
72,Dieffenbachia maculata,Araceae,Dieffenbachia,Hybrid,Tropical,Dumcane; Carina,28,12,Bright light,Diffused,Keep moist between watering. Can dry between watering,Table top; Potted plant,bright_indirect,0,1,1,1,2,2,bright_indirect,0.0,2.0,6.0,8.0,800.0,10000.0,45.0,75.0,3.5,0.25,1.0,2.0,7.0,2.0,5400.0,9200.0,60.0,30.0,12,28,20.0,16,4,cluster_4,0.052996715927750404,1,bridge_cluster_1
73,Dracaena reflexa,Liliaceae,Dracaena,Cultivar,Tropical,Malaysian Dracaena; Song of Jamaica,30,12,Bright light,Diffused,Keep moist between watering. Water when soil is half dry.,Potted plant; Secondary,bright_indirect,0,1,1,1,1,2,bright_indirect,0.0,2.0,6.0,8.0,800.0,10000.0,45.0,75.0,3.5,0.25,1.0,2.0,7.0,2.0,5400.0,9200.0,60.0,30.0,12,30,21.0,18,4,cluster_4,0.052996715927750404,1,bridge_cluster_1
74,Cycas revoluta,Cycadaceae,Palm,Japan,Subtropical,Sago palm; King sago,30,8,"Prefers bright, indirect sunlight.",/,Water when soil is half dry. Can be dry between watering.,Potted plant; Primary,high_light,1,0,0,1,1,2,high_light,6.0,8.0,0.0,2.0,10000.0,100000.0,40.0,70.0,3.0,0.45,7.0,2.0,1.0,2.0,55000.0,90000.0,55.0,30.0,8,30,19.0,22,0,cluster_0,0.7916666666666667,0,bridge_cluster_0
75,Crassula argentea,Crasssulaceae,Cactus And Succulent,South Africa,Subtropical arid,Jade Plant,35,12,6 or more hours of direct sunlight per day.,Direct sunlight.,Water only when the soil is dry. Must be dry between watering,Potted plant; Primary,high_light,1,0,0,2,1,2,high_light,6.0,8.0,0.0,2.0,10000.0,100000.0,20.0,50.0,1.0,0.9,7.0,2.0,1.0,2.0,55000.0,90000.0,35.0,30.0,12,35,23.5,23,2,cluster_2,0.7916666666666667,0,bridge_cluster_0
76,Ctenanthe lubbersiana,Marantaceae,Foliage plant,Brazil,Tropical,Phrynium,25,12,Bright light,Diffused,Keep moist between watering. Must not be dry between watering,Potted plant; Secondary,bright_indirect,0,1,1,1,1,1,bright_indirect,0.0,2.0,6.0,8.0,800.0,10000.0,45.0,75.0,4.0,0.1,1.0,2.0,7.0,2.0,5400.0,9200.0,60.0,30.0,12,25,18.5,13,4,cluster_4,0.052996715927750404,1,bridge_cluster_1
77,Dracaena reflexa,Liliaceae,Dracaena,Madagascar,Tropical,Malaysian Dracaena,30,12,Bright light,Diffused,Keep moist between watering. Water when soil is half dry.,Table top; Tertiary,bright_indirect,0,1,1,1,1,2,bright_indirect,0.0,2.0,6.0,8.0,800.0,10000.0,45.0,75.0,3.5,0.25,1.0,2.0,7.0,2.0,5400.0,9200.0,60.0,30.0,12,30,21.0,18,4,cluster_4,0.052996715927750404,1,bridge_cluster_1
78,Dracaena deremensis,Liliaceae,Dracaena,Cultivar,Tropical,Striped Dracaena; Gold Star,30,10,Bright light,Diffused,Keep moist between watering. Can dry between watering,Potted plant; Secondary,bright_indirect,0,1,1,1,1,2,bright_indirect,0.0,2.0,6.0,8.0,800.0,10000.0,45.0,75.0,3.5,0.25,1.0,2.0,7.0,2.0,5400.0,9200.0,60.0,30.0,10,30,20.0,20,4,cluster_4,0.052996715927750404,1,bridge_cluster_1
79,Cyrtomium falcatum,Dryopteridaceae,Fern,Asia,Subtropical,Holly-fern,30,5,Bright light,Diffused,Keep moist between watering. Water when soil is half dry.,Potted plant; Ground cover,shade_tolerant,0,1,1,1,2,2,shade_tolerant,0.0,1.0,7.0,9.0,500.0,8000.0,60.0,90.0,3.5,0.25,0.5,1.0,8.0,2.0,4250.0,7500.0,75.0,30.0,5,30,17.5,25,5,cluster_5,0.020833333333333332,3,bridge_cluster_3
80,Dracaena deremensis,Liliaceae,Dracaena,Africa,Tropical,Dwarf bouquet; Calypso Queen; Janet Craig Compacta,30,10,Bright light,Diffused,Keep moist between watering. Can dry between watering,Potted plant; Secondary,bright_indirect,0,1,1,1,1,2,bright_indirect,0.0,2.0,6.0,8.0,800.0,10000.0,45.0,75.0,3.5,0.25,1.0,2.0,7.0,2.0,5400.0,9200.0,60.0,30.0,10,30,20.0,20,4,cluster_4,0.052996715927750404,1,bridge_cluster_1
81,Davallia trichomannoides,Davalliaceae,Fern,Canaries,Tropical,Rabbits foot; Squirrels foot,25,10,Bright light,Diffused,Water when soil is half dry. Can be dry between watering.,Hanging; Potted plant,shade_tolerant,0,1,1,1,1,1,shade_tolerant,0.0,1.0,7.0,9.0,500.0,8000.0,60.0,90.0,3.0,0.45,0.5,1.0,8.0,2.0,4250.0,7500.0,75.0,30.0,10,25,17.5,15,5,cluster_5,0.020833333333333332,3,bridge_cluster_3
82,Dracaena deremensis,Liliaceae,Dracaena,Cultivar,Tropical,Lisa Dracaena; Lisa,30,10,Bright light,Diffused,Keep moist between watering. Can dry between watering,Potted plant; Primary,bright_indirect,0,1,1,1,1,2,bright_indirect,0.0,2.0,6.0,8.0,800.0,10000.0,45.0,75.0,3.5,0.25,1.0,2.0,7.0,2.0,5400.0,9200.0,60.0,30.0,10,30,20.0,20,4,cluster_4,0.052996715927750404,1,bridge_cluster_1
83,Dracaena marginata,Liliaceae,Dracaena,Madagascar,Tropical,Madagascar dragon tree,30,10,Bright light,Diffused,Keep moist between watering. Can dry between watering,Potted plant; Secondary,bright_indirect,0,1,1,1,1,2,bright_indirect,0.0,2.0,6.0,8.0,800.0,10000.0,45.0,75.0,3.5,0.25,1.0,2.0,7.0,2.0,5400.0,9200.0,60.0,30.0,10,30,20.0,20,4,cluster_4,0.052996715927750404,1,bridge_cluster_1
84,Dracaena deremensis,Liliaceae,Dracaena,Africa,Tropical,Striped Dracaena; Warneckei,30,10,Bright light,Diffused,Keep moist between watering. Can dry between watering,Potted plant; Secondary,bright_indirect,0,1,1,1,1,2,bright_indirect,0.0,2.0,6.0,8.0,800.0,10000.0,45.0,75.0,3.5,0.25,1.0,2.0,7.0,2.0,5400.0,9200.0,60.0,30.0,10,30,20.0,20,4,cluster_4,0.052996715927750404,1,bridge_cluster_1
85,Dracaena deremensis,Liliaceae,Dracaena,Cultivar,Tropical,Striped Dracaena; Lemon Lime,30,10,Bright light,Diffused,Keep moist between watering. Can dry between watering,Table top; Tertiary,bright_indirect,0,1,1,1,1,2,bright_indirect,0.0,2.0,6.0,8.0,800.0,10000.0,45.0,75.0,3.5,0.25,1.0,2.0,7.0,2.0,5400.0,9200.0,60.0,30.0,10,30,20.0,20,4,cluster_4,0.052996715927750404,1,bridge_cluster_1
86,Dieffenbachia maculata,Araceae,Dieffenbachia,Hybrid,Tropical,Dumcane; Camille,28,12,Bright light,Diffused,Keep moist between watering. Can dry between watering,Table top; Potted plant,bright_indirect,0,1,1,1,2,2,bright_indirect,0.0,2.0,6.0,8.0,800.0,10000.0,45.0,75.0,3.5,0.25,1.0,2.0,7.0,2.0,5400.0,9200.0,60.0,30.0,12,28,20.0,16,4,cluster_4,0.052996715927750404,1,bridge_cluster_1
87,Dieffenbachia amoena,Araceae,Dieffenbachia,Cultivar,Tropical,Dumcane; Tropic Snow,28,12,Bright light,Diffused,Keep moist between watering. Can dry between watering,Potted plant; Secondary,bright_indirect,0,1,1,1,1,2,bright_indirect,0.0,2.0,6.0,8.0,800.0,10000.0,45.0,75.0,3.5,0.25,1.0,2.0,7.0,2.0,5400.0,9200.0,60.0,30.0,12,28,20.0,16,4,cluster_4,0.052996715927750404,1,bridge_cluster_1
88,Ficus elastica,Moraceae,Ficus,Cultivar,Tropical,Rubber plant; Tineke,30,10,6 or more hours of direct sunlight per day.,Direct sunlight.,Keep moist between watering. Can dry between watering,Table top; Tertiary,high_light,1,0,0,2,1,2,high_light,6.0,8.0,0.0,2.0,10000.0,100000.0,45.0,75.0,3.5,0.25,7.0,2.0,1.0,2.0,55000.0,90000.0,60.0,30.0,10,30,20.0,20,0,cluster_0,0.7916666666666667,0,bridge_cluster_0
89,Dypsis lutescens,Arecaceae,Palm,Madagascar,Tropical,Areca palm; Butterfly palm,28,10,6 or more hours of direct sunlight per day.,Direct sunlight.,Keep moist between watering. Must not be dry between watering,Potted plant; Secondary,high_light,1,0,0,2,1,2,high_light,6.0,8.0,0.0,2.0,10000.0,100000.0,45.0,75.0,4.0,0.1,7.0,2.0,1.0,2.0,55000.0,90000.0,60.0,30.0,10,28,19.0,18,0,cluster_0,0.7916666666666667,0,bridge_cluster_0
90,Epiphyllum,Cactaceae,Cactus And Succulent,Hybrid,Tropical,Orchid cactus,32,5,Bright light,Direct sunlight,Keep moist between watering. Water when soil is half dry.,Hanging; Secondary,high_light,1,0,1,1,0,2,high_light,6.0,8.0,0.0,2.0,10000.0,100000.0,20.0,50.0,3.5,0.25,7.0,2.0,1.0,2.0,55000.0,90000.0,35.0,30.0,5,32,18.5,27,0,cluster_0,0.7916666666666667,0,bridge_cluster_0
91,Echinocactus grusonii,Cactaceae,Cactus And Succulent,Central Mexico,Arid Tropical,Golden Barrel,40,5,6 or more hours of direct sunlight per day.,/,Water only when dry. Must be dry between watering,Potted plant; Primary,high_light,1,0,0,1,1,2,high_light,6.0,8.0,0.0,2.0,10000.0,100000.0,20.0,50.0,1.0,0.9,7.0,2.0,1.0,2.0,55000.0,90000.0,35.0,30.0,5,40,22.5,35,2,cluster_2,0.7916666666666667,0,bridge_cluster_0
92,Euphorbia milii,Euphorbiaceae,Cactus And Succulent,Madagascar,Arid Tropical,Christ thorn; Crown of thorns,35,12,6 or more hours of direct sunlight per day.,Direct sunlight.,Water only when the soil is dry. Must be dry between watering,Table top; Tertiary,high_light,1,0,0,2,1,2,high_light,6.0,8.0,0.0,2.0,10000.0,100000.0,20.0,50.0,1.0,0.9,7.0,2.0,1.0,2.0,55000.0,90000.0,35.0,30.0,12,35,23.5,23,2,cluster_2,0.7916666666666667,0,bridge_cluster_0
93,Epipremnum aureum,Araceae,Hanging,Cultivar,Tropical,White Pothos; Marble Queen,30,12,Bright light,Diffused,Keep moist between watering. Water when soil is half dry.,Hanging; Tertiary,bright_indirect,0,1,1,1,0,2,bright_indirect,0.0,2.0,6.0,8.0,800.0,10000.0,45.0,75.0,3.5,0.25,1.0,2.0,7.0,2.0,5400.0,9200.0,60.0,30.0,12,30,21.0,18,4,cluster_4,0.052996715927750404,1,bridge_cluster_1
94,Guzmania,Bromeliaceae,Bromeliad,Cultivar,Tropical,Guzmania; Guzmania Sunnytime,30,10,Bright light,Diffused,Water when soil is half dry. Change water in the vase regularly.,Table top; Tertiary,bright_indirect,0,1,1,1,1,2,bright_indirect,0.0,2.0,6.0,8.0,800.0,10000.0,45.0,75.0,3.0,0.45,1.0,2.0,7.0,2.0,5400.0,9200.0,60.0,30.0,10,30,20.0,20,4,cluster_4,0.052996715927750404,1,bridge_cluster_1
95,Ficus maclellandii,Moraceae,Ficus,Cultivar,Tropical,Willow fig tree; Amstel King,30,10,6 or more hours of direct sunlight per day.,Direct sunlight.,Keep moist between watering. Must not be dry between watering,Potted plant; Primary,high_light,1,0,0,2,1,2,high_light,6.0,8.0,0.0,2.0,10000.0,100000.0,45.0,75.0,4.0,0.1,7.0,2.0,1.0,2.0,55000.0,90000.0,60.0,30.0,10,30,20.0,20,0,cluster_0,0.7916666666666667,0,bridge_cluster_0
96,Guzmania,Bromeliaceae,Bromeliad,Cultivar,Tropical,Guzmania; Guzmania Empire,30,10,Bright light,Diffused,Water when soil is half dry. Change water in the vase regularly.,Table top; Tertiary,bright_indirect,0,1,1,1,1,2,bright_indirect,0.0,2.0,6.0,8.0,800.0,10000.0,45.0,75.0,3.0,0.45,1.0,2.0,7.0,2.0,5400.0,9200.0,60.0,30.0,10,30,20.0,20,4,cluster_4,0.052996715927750404,1,bridge_cluster_1
97,Ficus benjamina,Moraceae,Ficus,Cultivar,Tropical,Weeping fig,30,10,6 or more hours of direct sunlight per day.,Direct sunlight.,Keep moist between watering. Must not be dry between watering,Potted plant; Secondary,high_light,1,0,0,2,1,2,high_light,6.0,8.0,0.0,2.0,10000.0,100000.0,45.0,75.0,4.0,0.1,7.0,2.0,1.0,2.0,55000.0,90000.0,60.0,30.0,10,30,20.0,20,0,cluster_0,0.7916666666666667,0,bridge_cluster_0
98,Fatsia japonica,Araliaceae,Aralia,Japan,Subtropical,Japanese Aralia,28,8,Bright light,Direct sunlight,Keep moist between watering. Water when soil is half dry.,Table top; Potted plant,high_light,1,0,1,1,2,2,high_light,6.0,8.0,0.0,2.0,10000.0,100000.0,40.0,70.0,3.5,0.25,7.0,2.0,1.0,2.0,55000.0,90000.0,55.0,30.0,8,28,18.0,20,0,cluster_0,0.7916666666666667,0,bridge_cluster_0
99,Euphorbia ammack,Euphorbiaceae,Cactus And Succulent,Africa,Arid Tropical,Variegated Euphorbia,35,12,6 or more hours of direct sunlight per day.,Direct sunlight.,Must be dry between watering. Water only when dry.,Potted plant; Primary,high_light,1,0,0,2,1,2,high_light,6.0,8.0,0.0,2.0,10000.0,100000.0,20.0,50.0,1.0,0.9,7.0,2.0,1.0,2.0,55000.0,90000.0,35.0,30.0,12,35,23.5,23,2,cluster_2,0.7916666666666667,0,bridge_cluster_0
100,Ficus pumila,Moraceae,Ficus,Cultivar,Tropical,Creeping fig; Curl,30,10,6 or more hours of direct sunlight per day.,Direct sunlight.,Keep moist between watering. Must not be dry between watering,Hanging; Ground cover,high_light,1,0,0,2,1,2,high_light,6.0,8.0,0.0,2.0,10000.0,100000.0,45.0,75.0,4.0,0.1,7.0,2.0,1.0,2.0,55000.0,90000.0,60.0,30.0,10,30,20.0,20,0,cluster_0,0.7916666666666667,0,bridge_cluster_0
101,Guzmania,Bromeliaceae,Bromeliad,Cultivar,Tropical,Guzmania; Claret,30,10,Bright light,Diffused,Water when soil is half dry. Change water in the vase regularly.,Table top; Tertiary,bright_indirect,0,1,1,1,1,2,bright_indirect,0.0,2.0,6.0,8.0,800.0,10000.0,45.0,75.0,3.0,0.45,1.0,2.0,7.0,2.0,5400.0,9200.0,60.0,30.0,10,30,20.0,20,4,cluster_4,0.052996715927750404,1,bridge_cluster_1
102,Ficus elastica,Moraceae,Ficus,Cultivar,Tropical,Rubber plant; Robusta,30,10,6 or more hours of direct sunlight per day.,Direct sunlight.,Keep moist between watering. Can dry between watering,Potted plant; Secondary,high_light,1,0,0,2,1,2,high_light,6.0,8.0,0.0,2.0,10000.0,100000.0,45.0,75.0,3.5,0.25,7.0,2.0,1.0,2.0,55000.0,90000.0,60.0,30.0,10,30,20.0,20,0,cluster_0,0.7916666666666667,0,bridge_cluster_0
103,Hedera canariensis,Araliaceae,Hanging,Canaries,Subtropical,Algerian ivy; Montgomery ivy,30,5,Bright light,Diffused,Keep moist between watering. Water when soil is half dry.,Hanging; Ground cover,bright_indirect,0,1,1,1,1,2,bright_indirect,0.0,2.0,6.0,8.0,800.0,10000.0,40.0,70.0,3.5,0.25,1.0,2.0,7.0,2.0,5400.0,9200.0,55.0,30.0,5,30,17.5,25,4,cluster_4,0.052996715927750404,1,bridge_cluster_1
104,Epipremnum aureum,Araceae,Hanging,South Pacific,Tropical,Golden Pothos,30,12,Bright light,Diffused,Keep moist between watering. Water when soil is half dry.,Hanging; Tertiary,bright_indirect,0,1,1,1,0,2,bright_indirect,0.0,2.0,6.0,8.0,800.0,10000.0,45.0,75.0,3.5,0.25,1.0,2.0,7.0,2.0,5400.0,9200.0,60.0,30.0,12,30,21.0,18,4,cluster_4,0.052996715927750404,1,bridge_cluster_1
105,Ficus lyrata,Moraceae,Ficus,Ouest Africa,Tropical,Fidleleaf fig,30,10,6 or more hours of direct sunlight per day.,Direct sunlight.,Keep moist between watering. Water when soil is half dry.,Potted plant; Secondary,high_light,1,0,0,2,1,2,high_light,6.0,8.0,0.0,2.0,10000.0,100000.0,45.0,75.0,3.5,0.25,7.0,2.0,1.0,2.0,55000.0,90000.0,60.0,30.0,10,30,20.0,20,0,cluster_0,0.7916666666666667,0,bridge_cluster_0
106,Euphorbia ingens,Euphorbiaceae,Cactus And Succulent,South Africa,Arid Tropical,Giant Candelabra tree,35,12,6 or more hours of direct sunlight per day.,Direct sunlight.,Water only when the soil is dry. Must be dry between watering,Potted plant; Primary,high_light,1,0,0,2,1,2,high_light,6.0,8.0,0.0,2.0,10000.0,100000.0,20.0,50.0,1.0,0.9,7.0,2.0,1.0,2.0,55000.0,90000.0,35.0,30.0,12,35,23.5,23,2,cluster_2,0.7916666666666667,0,bridge_cluster_0
107,Ficus benjamina,Moraceae,Ficus,Cultivar,Tropical,Weeping fig; Monique,30,10,6 or more hours of direct sunlight per day.,Direct sunlight.,Keep moist between watering. Must not be dry between watering,Potted plant; Secondary,high_light,1,0,0,2,1,2,high_light,6.0,8.0,0.0,2.0,10000.0,100000.0,45.0,75.0,4.0,0.1,7.0,2.0,1.0,2.0,55000.0,90000.0,60.0,30.0,10,30,20.0,20,0,cluster_0,0.7916666666666667,0,bridge_cluster_0
108,Guzmania,Bromeliaceae,Bromeliad,Cultivar,Tropical,Guzmania; Mariposa,30,10,Bright light,Diffused,Water when soil is half dry. Change water in the vase regularly.,Table top; Tertiary,bright_indirect,0,1,1,1,1,2,bright_indirect,0.0,2.0,6.0,8.0,800.0,10000.0,45.0,75.0,3.0,0.45,1.0,2.0,7.0,2.0,5400.0,9200.0,60.0,30.0,10,30,20.0,20,4,cluster_4,0.052996715927750404,1,bridge_cluster_1
109,Ficus maclellandii Alii,Moraceae,Ficus,Cultivar,Tropical,Willow Ficus,30,10,6 or more hours of direct sunlight per day.,Direct sunlight.,Keep moist between watering. Must not be dry between watering,Potted plant; Primary,high_light,1,0,0,2,1,2,high_light,6.0,8.0,0.0,2.0,10000.0,100000.0,45.0,75.0,4.0,0.1,7.0,2.0,1.0,2.0,55000.0,90000.0,60.0,30.0,10,30,20.0,20,0,cluster_0,0.7916666666666667,0,bridge_cluster_0
110,Guzmania,Bromeliaceae,Bromeliad,Cultivar,Tropical,Guzmania; Marjan,30,10,Bright light,Diffused,Water when soil is half dry. Change water in the vase regularly.,Table top; Tertiary,bright_indirect,0,1,1,1,1,2,bright_indirect,0.0,2.0,6.0,8.0,800.0,10000.0,45.0,75.0,3.0,0.45,1.0,2.0,7.0,2.0,5400.0,9200.0,60.0,30.0,10,30,20.0,20,4,cluster_4,0.052996715927750404,1,bridge_cluster_1
111,Ficus benjamina,Moraceae,Ficus,Cultivar,Tropical,Weeping fig; Midnight,30,10,6 or more hours of direct sunlight per day.,Direct sunlight.,Keep moist between watering. Must not be dry between watering,Potted plant; Secondary,high_light,1,0,0,2,1,2,high_light,6.0,8.0,0.0,2.0,10000.0,100000.0,45.0,75.0,4.0,0.1,7.0,2.0,1.0,2.0,55000.0,90000.0,60.0,30.0,10,30,20.0,20,0,cluster_0,0.7916666666666667,0,bridge_cluster_0
112,Guzmania,Bromeliaceae,Bromeliad,Cultivar,Tropical,Guzmania; Rana,30,10,Bright light,Diffused,Water when soil is half dry. Change water in the vase regularly.,Table top; Tertiary,bright_indirect,0,1,1,1,1,2,bright_indirect,0.0,2.0,6.0,8.0,800.0,10000.0,45.0,75.0,3.0,0.45,1.0,2.0,7.0,2.0,5400.0,9200.0,60.0,30.0,10,30,20.0,20,4,cluster_4,0.052996715927750404,1,bridge_cluster_1
113,Ficus elastica,Moraceae,Ficus,Cultivar,Tropical,Rubber plant; Burgandy,30,10,6 or more hours of direct sunlight per day.,Direct sunlight.,Keep moist between watering. Can dry between watering,Potted plant; Secondary,high_light,1,0,0,2,1,2,high_light,6.0,8.0,0.0,2.0,10000.0,100000.0,45.0,75.0,3.5,0.25,7.0,2.0,1.0,2.0,55000.0,90000.0,60.0,30.0,10,30,20.0,20,0,cluster_0,0.7916666666666667,0,bridge_cluster_0
114,Euphorbia drupifera,Euphorbiaceae,Cactus And Succulent,Guinea,Arid Tropical,N/A,35,12,6 or more hours of direct sunlight per day.,Direct sunlight.,Water only when the soil is dry. Must be dry between watering,Potted plant; Primary,high_light,1,0,0,2,1,2,high_light,6.0,8.0,0.0,2.0,10000.0,100000.0,20.0,50.0,1.0,0.9,7.0,2.0,1.0,2.0,55000.0,90000.0,35.0,30.0,12,35,23.5,23,2,cluster_2,0.7916666666666667,0,bridge_cluster_0
115,Hedera helix,Araliaceae,Hanging,Cultivar,Subtropical,English ivy; Gold Baby,30,5,Bright light,Diffused,Keep moist between watering. Water when soil is half dry.,Hanging; Ground cover,bright_indirect,0,1,1,1,1,2,bright_indirect,0.0,2.0,6.0,8.0,800.0,10000.0,40.0,70.0,3.5,0.25,1.0,2.0,7.0,2.0,5400.0,9200.0,55.0,30.0,5,30,17.5,25,4,cluster_4,0.052996715927750404,1,bridge_cluster_1
116,Maranta leuconeura erythroneura,Marantaceae,Hanging,Brazil,Tropical,Herringbone; Pink praying plant,28,12,Bright light,Diffused,Keep moist between watering. Water when soil is half dry.,Hanging; Table top,bright_indirect,0,1,1,1,1,2,bright_indirect,0.0,2.0,6.0,8.0,800.0,10000.0,45.0,75.0,3.5,0.25,1.0,2.0,7.0,2.0,5400.0,9200.0,60.0,30.0,12,28,20.0,16,4,cluster_4,0.052996715927750404,1,bridge_cluster_1
117,Hedera helix,Araliaceae,Hanging,Cultivar,Subtropical,English ivy; Hermania,30,5,Bright light,Diffused,Keep moist between watering. Water when soil is half dry.,Hanging; Ground cover,bright_indirect,0,1,1,1,1,2,bright_indirect,0.0,2.0,6.0,8.0,800.0,10000.0,40.0,70.0,3.5,0.25,1.0,2.0,7.0,2.0,5400.0,9200.0,55.0,30.0,5,30,17.5,25,4,cluster_4,0.052996715927750404,1,bridge_cluster_1
118,Monstera deliciosa,Araceae,Philodendron,Central America,Tropical,Splitleaf Philodendron; Mexican Breadfruit,32,12,Bright light,Diffused,Water when soil is half dry. Can be dry between watering.,Potted plant; Secondary,bright_indirect,0,1,1,1,1,2,bright_indirect,0.0,2.0,6.0,8.0,800.0,10000.0,45.0,75.0,3.0,0.45,1.0,2.0,7.0,2.0,5400.0,9200.0,60.0,30.0,12,32,22.0,20,4,cluster_4,0.052996715927750404,1,bridge_cluster_1
119,Mandevilla X,Apocynaceae,Flower,Hybrid,Tropical,N/A,30,10,6 or more hours of direct sunlight per day.,Direct sunlight.,Keep moist between watering. Must not be dry between watering,Flower; Potted plant,high_light,1,0,0,2,1,2,high_light,6.0,8.0,0.0,2.0,10000.0,100000.0,45.0,75.0,4.0,0.1,7.0,2.0,1.0,2.0,55000.0,90000.0,60.0,30.0,10,30,20.0,20,0,cluster_0,0.7916666666666667,0,bridge_cluster_0
120,Peperomia obtusifolia,Piperaceae,Other,Venezuela,Tropical,Baby rubber plant; Pepper face,32,10,Bright light,/,Keep moist between watering. Water when soil is half dry.,Table top; Ground cover; Tertiary,medium_indirect,0,0,1,0,2,2,medium_indirect,1.0,4.0,4.0,7.0,1500.0,30000.0,45.0,75.0,3.5,0.25,2.5,3.0,5.5,3.0,15750.0,28500.0,60.0,30.0,10,32,21.0,22,3,cluster_3,0.2174671592775041,2,bridge_cluster_2
121,Ophiopogon japonicus,Liliaceae,Grass,Japan,Subtropical,Snakes beard,28,5,Bright light,Direct sunlight,Keep moist between watering. Water when soil is half dry.,Ground cover; Tertiary,high_light,1,0,1,1,1,2,high_light,6.0,8.0,0.0,2.0,10000.0,100000.0,40.0,70.0,3.5,0.25,7.0,2.0,1.0,2.0,55000.0,90000.0,55.0,30.0,5,28,16.5,23,0,cluster_0,0.7916666666666667,0,bridge_cluster_0
122,Hedychium coronarium,Zingiberaceae,Flower,China,Subtropical,Butterfly Ginger; White Ginger,30,10,6 or more hours of direct sunlight per day.,Direct sunlight.,Keep moist between watering. Must not be dry between watering,Flower; Secondary,high_light,1,0,0,2,0,2,high_light,6.0,8.0,0.0,2.0,10000.0,100000.0,40.0,70.0,4.0,0.1,7.0,2.0,1.0,2.0,55000.0,90000.0,55.0,30.0,10,30,20.0,20,0,cluster_0,0.7916666666666667,0,bridge_cluster_0
123,Hedera helix variegata,Araliaceae,Hanging,Cultivar,Subtropical,English ivy; Variegated English ivy,30,5,Bright light,Diffused,Keep moist between watering. Water when soil is half dry.,Hanging; Ground cover,bright_indirect,0,1,1,1,1,2,bright_indirect,0.0,2.0,6.0,8.0,800.0,10000.0,40.0,70.0,3.5,0.25,1.0,2.0,7.0,2.0,5400.0,9200.0,55.0,30.0,5,30,17.5,25,4,cluster_4,0.052996715927750404,1,bridge_cluster_1
124,Pellaea falcata,Sinopteridaceae,Fern,Australia & New Guinea,Tropical,N/A,25,12,Bright light,Diffused,Keep moist between watering. Must not be dry between watering,Table top; Ground cover; Tertiary,shade_tolerant,0,1,1,1,2,1,shade_tolerant,0.0,1.0,7.0,9.0,500.0,8000.0,60.0,90.0,4.0,0.1,0.5,1.0,8.0,2.0,4250.0,7500.0,75.0,30.0,12,25,18.5,13,5,cluster_5,0.020833333333333332,3,bridge_cluster_3
125,Hedera helix,Araliaceae,Hanging,Cultivar,Subtropical,English ivy; Garland,30,5,Bright light,Diffused,Keep moist between watering. Water when soil is half dry.,Hanging; Ground cover,bright_indirect,0,1,1,1,1,2,bright_indirect,0.0,2.0,6.0,8.0,800.0,10000.0,40.0,70.0,3.5,0.25,1.0,2.0,7.0,2.0,5400.0,9200.0,55.0,30.0,5,30,17.5,25,4,cluster_4,0.052996715927750404,1,bridge_cluster_1
126,Hoya carnosa Exotica,Asclepiadaceae,Hanging,Cultivar,Tropical,Wax plant,28,12,Bright light,Diffused,Water when soil is half dry. Can be dry between watering.,Hanging; Table top,bright_indirect,0,1,1,1,1,2,bright_indirect,0.0,2.0,6.0,8.0,800.0,10000.0,45.0,75.0,3.0,0.45,1.0,2.0,7.0,2.0,5400.0,9200.0,60.0,30.0,12,28,20.0,16,4,cluster_4,0.052996715927750404,1,bridge_cluster_1
127,Nerium oleander,Apocynaceae,Flower,Mediterranean,Subtropical,Oleander; Rose bay,30,5,6 or more hours of direct sunlight per day.,/,Keep moist between watering. Must not be dry between watering,Potted plant; Secondary,high_light,1,0,0,1,1,2,high_light,6.0,8.0,0.0,2.0,10000.0,100000.0,40.0,70.0,4.0,0.1,7.0,2.0,1.0,2.0,55000.0,90000.0,55.0,30.0,5,30,17.5,25,0,cluster_0,0.7916666666666667,0,bridge_cluster_0
128,Pachypodium geayi,Apocynaceae,Cactus And Succulent,Madagascar,Arid Tropical,Madagascar Palm,35,8,6 or more hours of direct sunlight per day.,Direct sunlight.,Water only when the soil is dry. Must be dry between watering,Potted plant; Primary,high_light,1,0,0,2,1,2,high_light,6.0,8.0,0.0,2.0,10000.0,100000.0,20.0,50.0,1.0,0.9,7.0,2.0,1.0,2.0,55000.0,90000.0,35.0,30.0,8,35,21.5,27,2,cluster_2,0.7916666666666667,0,bridge_cluster_0
129,Licuala spinosa,Arecaceae,Palm,Malaysia,Tropical,Spiny licuala palm,30,15,Bright light,Direct sunlight,Keep moist between watering. Water when soil is half dry.,Potted plant; Secondary,high_light,1,0,1,1,1,2,high_light,6.0,8.0,0.0,2.0,10000.0,100000.0,45.0,75.0,3.5,0.25,7.0,2.0,1.0,2.0,55000.0,90000.0,60.0,30.0,15,30,22.5,15,0,cluster_0,0.7916666666666667,0,bridge_cluster_0
130,Philodendron,Araceae,Philodendron,Cultivar,Tropical,Red Philodendron; Imperial Red,28,18,Bright light,Diffused,Keep moist between watering. Water when soil is half dry.,Table top; Secondary,bright_indirect,0,1,1,1,1,2,bright_indirect,0.0,2.0,6.0,8.0,800.0,10000.0,45.0,75.0,3.5,0.25,1.0,2.0,7.0,2.0,5400.0,9200.0,60.0,30.0,18,28,23.0,10,1,cluster_1,0.052996715927750404,1,bridge_cluster_1
131,Neoregelia Flandria,Bromeliaceae,Bromeliad,Cultivar,Tropical,N/A,30,12,Bright light,Diffused,Change water regularly in the vase. Water when soil is half dry.,Table top; Colors / Forms,bright_indirect,0,1,1,1,1,2,bright_indirect,0.0,2.0,6.0,8.0,800.0,10000.0,45.0,75.0,3.0,0.45,1.0,2.0,7.0,2.0,5400.0,9200.0,60.0,30.0,12,30,21.0,18,4,cluster_4,0.052996715927750404,1,bridge_cluster_1
132,Liriope muscari Variegata,Liliaceae,Foliage plant,Japan,Subtropical,Variegated lily turf,30,8,Bright light,Direct sunlight,Keep moist between watering. Water when soil is half dry.,Ground cover; Table top,high_light,1,0,1,1,2,2,high_light,6.0,8.0,0.0,2.0,10000.0,100000.0,40.0,70.0,3.5,0.25,7.0,2.0,1.0,2.0,55000.0,90000.0,55.0,30.0,8,30,19.0,22,0,cluster_0,0.7916666666666667,0,bridge_cluster_0
133,Philodendron micans,Araceae,Philodendron,Dominica,Tropical,Velvet leaf vine,28,18,Bright light,Diffused,Keep moist between watering. Water when soil is half dry.,Hanging; Secondary,bright_indirect,0,1,1,1,0,2,bright_indirect,0.0,2.0,6.0,8.0,800.0,10000.0,45.0,75.0,3.5,0.25,1.0,2.0,7.0,2.0,5400.0,9200.0,60.0,30.0,18,28,23.0,10,1,cluster_1,0.052996715927750404,1,bridge_cluster_1
134,Maranta leuconeura kerchoveana,Marantaceae,Hanging,Brazil,Tropical,Green prayer plant; Herringbone,28,12,Bright light,Diffused,Keep moist between watering. Water when soil is half dry.,Hanging; Table top,bright_indirect,0,1,1,1,1,2,bright_indirect,0.0,2.0,6.0,8.0,800.0,10000.0,45.0,75.0,3.5,0.25,1.0,2.0,7.0,2.0,5400.0,9200.0,60.0,30.0,12,28,20.0,16,4,cluster_4,0.052996715927750404,1,bridge_cluster_1
135,Neoregelia Victoria Pink,Bromeliaceae,Bromeliad,Cultivar,Tropical,N/A,30,12,Bright light,Diffused,Change water regularly in the vase. Water when soil is half dry.,Table top; Colors / Forms,bright_indirect,0,1,1,1,1,2,bright_indirect,0.0,2.0,6.0,8.0,800.0,10000.0,45.0,75.0,3.0,0.45,1.0,2.0,7.0,2.0,5400.0,9200.0,60.0,30.0,12,30,21.0,18,4,cluster_4,0.052996715927750404,1,bridge_cluster_1
136,Nolina recurvata,Agavaceae,Foliage plant,Mexico,Arid Tropical,Elephant foot; Pony tail,32,12,6 or more hours of direct sunlight per day.,Direct sunlight.,Water when soil is half dry. Can be dry between watering.,Primary; Potted plant,high_light,1,0,0,2,1,2,high_light,6.0,8.0,0.0,2.0,10000.0,100000.0,20.0,50.0,3.0,0.45,7.0,2.0,1.0,2.0,55000.0,90000.0,35.0,30.0,12,32,22.0,20,0,cluster_0,0.7916666666666667,0,bridge_cluster_0
137,Philodendron,Araceae,Philodendron,Cultivar,Tropical,Lime philodendron; Moonlight,28,18,Bright light,Diffused,Keep moist between watering. Water when soil is half dry.,Table top; Secondary,bright_indirect,0,1,1,1,1,2,bright_indirect,0.0,2.0,6.0,8.0,800.0,10000.0,45.0,75.0,3.5,0.25,1.0,2.0,7.0,2.0,5400.0,9200.0,60.0,30.0,18,28,23.0,10,1,cluster_1,0.052996715927750404,1,bridge_cluster_1
138,Phalaenopsis X,Orchidaceae,Flower,Hybrid,Tropical humid,N/A,28,12,Bright light,Diffused,Water when soil is half dry. Can be dry between watering.,Table top; Secondary,bright_indirect,0,1,1,1,1,2,bright_indirect,0.0,2.0,6.0,8.0,800.0,10000.0,60.0,90.0,3.0,0.45,1.0,2.0,7.0,2.0,5400.0,9200.0,75.0,30.0,12,28,20.0,16,4,cluster_4,0.052996715927750404,1,bridge_cluster_1
139,Hyophorbe verschaffeltii,Arecaceae,Palm,Rodrigue Island,Tropical,Spindle palm,35,10,6 or more hours of direct sunlight per day.,Direct sunlight.,Keep moist between watering. Water when soil is half dry.,Potted plant; Primary,high_light,1,0,0,2,1,2,high_light,6.0,8.0,0.0,2.0,10000.0,100000.0,45.0,75.0,3.5,0.25,7.0,2.0,1.0,2.0,55000.0,90000.0,60.0,30.0,10,35,22.5,25,0,cluster_0,0.7916666666666667,0,bridge_cluster_0
140,Hedera helix,Araliaceae,Topiairy,Cultivar,Subtropical,English ivy,30,5,Bright light,Diffused,Keep moist between watering. Water when soil is half dry.,Hanging; Ground cover,bright_indirect,0,1,1,1,1,2,bright_indirect,0.0,2.0,6.0,8.0,800.0,10000.0,40.0,70.0,3.5,0.25,1.0,2.0,7.0,2.0,5400.0,9200.0,55.0,30.0,5,30,17.5,25,4,cluster_4,0.052996715927750404,1,bridge_cluster_1
141,Nolina guatemalensis,Agavaceae,Foliage plant,Mexico,Arid Tropical,Elephant foot; Pony tail,32,12,6 or more hours of direct sunlight per day.,Direct sunlight.,Water when soil is half dry. Can be dry between watering.,Primary; Potted plant,high_light,1,0,0,2,1,2,high_light,6.0,8.0,0.0,2.0,10000.0,100000.0,20.0,50.0,3.0,0.45,7.0,2.0,1.0,2.0,55000.0,90000.0,35.0,30.0,12,32,22.0,20,0,cluster_0,0.7916666666666667,0,bridge_cluster_0
142,Medinilla magnifica,Melastomataceae,Flower,Philippines,Tropical,Rose grape,30,15,6 or more hours of direct sunlight per day.,Direct sunlight.,Keep moist between watering. Must not be dry between watering,Potted plant; Flower,high_light,1,0,0,2,1,2,high_light,6.0,8.0,0.0,2.0,10000.0,100000.0,45.0,75.0,4.0,0.1,7.0,2.0,1.0,2.0,55000.0,90000.0,60.0,30.0,15,30,22.5,15,0,cluster_0,0.7916666666666667,0,bridge_cluster_0
143,Hibiscus rosa sinensis,Malvaceae,Flower,Asia,Tropical,Chinese hibiscus,28,10,6 or more hours of direct sunlight per day.,Direct sunlight.,Keep moist between watering. Must not be dry between watering,Flower; Secondary,high_light,1,0,0,2,0,2,high_light,6.0,8.0,0.0,2.0,10000.0,100000.0,45.0,75.0,4.0,0.1,7.0,2.0,1.0,2.0,55000.0,90000.0,60.0,30.0,10,28,19.0,18,0,cluster_0,0.7916666666666667,0,bridge_cluster_0
144,Nephrolepis exaltata var,Nephrolepidaceae,Fern,Cultivar,Tropical,Boston fern; Sword fern,28,10,Bright light,Diffused,Keep moist between watering. Water when soil is half dry.,Hanging; Tertiary,shade_tolerant,0,1,1,1,0,2,shade_tolerant,0.0,1.0,7.0,9.0,500.0,8000.0,60.0,90.0,3.5,0.25,0.5,1.0,8.0,2.0,4250.0,7500.0,75.0,30.0,10,28,19.0,18,5,cluster_5,0.020833333333333332,3,bridge_cluster_3
145,Howea forsteriana,Arecaceae,Palm,South Pacific,Tropical,Kentia palm; Paradise palm,28,12,Bright light,Diffused,Keep moist between watering. Must not be dry between watering,Potted plant; Primary,bright_indirect,0,1,1,1,1,2,bright_indirect,0.0,2.0,6.0,8.0,800.0,10000.0,45.0,75.0,4.0,0.1,1.0,2.0,7.0,2.0,5400.0,9200.0,60.0,30.0,12,28,20.0,16,4,cluster_4,0.052996715927750404,1,bridge_cluster_1
146,Philodendron,Araceae,Philodendron,Cultivar,Tropical,Emerald Prince,28,18,Bright light,Diffused,Keep moist between watering. Water when soil is half dry.,Table top; Secondary,bright_indirect,0,1,1,1,1,2,bright_indirect,0.0,2.0,6.0,8.0,800.0,10000.0,45.0,75.0,3.5,0.25,1.0,2.0,7.0,2.0,5400.0,9200.0,60.0,30.0,18,28,23.0,10,1,cluster_1,0.052996715927750404,1,bridge_cluster_1
147,Homalomena,Araceae,Foliage plant,Cultivar,Tropical,Emerald Gem,28,10,Bright light,Diffused,Keep moist between watering. Water when soil is half dry.,Table top; Tertiary,bright_indirect,0,1,1,1,1,2,bright_indirect,0.0,2.0,6.0,8.0,800.0,10000.0,45.0,75.0,3.5,0.25,1.0,2.0,7.0,2.0,5400.0,9200.0,60.0,30.0,10,28,19.0,18,4,cluster_4,0.052996715927750404,1,bridge_cluster_1
148,Peperomia clusiifolia,Piperaceae,Other,Cultivar,Tropical,Tricolor Peperomia,32,10,Bright light,/,Keep moist between watering. Water when soil is half dry.,Table top; Ground cover; Tertiary,medium_indirect,0,0,1,0,2,2,medium_indirect,1.0,4.0,4.0,7.0,1500.0,30000.0,45.0,75.0,3.5,0.25,2.5,3.0,5.5,3.0,15750.0,28500.0,60.0,30.0,10,32,21.0,22,3,cluster_3,0.2174671592775041,2,bridge_cluster_2
149,Pandorea jasminoides,Bignoniaceae,Flower,Australia,Subtropical,Bower plant; Bower of beauty,28,8,6 or more hours of direct sunlight per day.,Direct sunlight.,Keep moist between watering. Water when soil is half dry.,Potted plant; Secondary,high_light,1,0,0,2,1,2,high_light,6.0,8.0,0.0,2.0,10000.0,100000.0,40.0,70.0,3.5,0.25,7.0,2.0,1.0,2.0,55000.0,90000.0,55.0,30.0,8,28,18.0,20,0,cluster_0,0.7916666666666667,0,bridge_cluster_0
150,Neoregelia carolinae var.,Bromeliaceae,Bromeliad,Cultivar,Tropical,N/A,30,12,Bright light,Diffused,Change water regularly in the vase. Water when soil is half dry.,Table top; Colors / Forms,bright_indirect,0,1,1,1,1,2,bright_indirect,0.0,2.0,6.0,8.0,800.0,10000.0,45.0,75.0,3.0,0.45,1.0,2.0,7.0,2.0,5400.0,9200.0,60.0,30.0,12,30,21.0,18,4,cluster_4,0.052996715927750404,1,bridge_cluster_1
151,Radermachera sinica,Bignoniaceae,Other,China,Subtropical,China doll,28,8,6 or more hours of direct sunlight per day.,Direct sunlight.,Keep moist between watering. Water when soil is half dry.,Table top; Tertiary,high_light,1,0,0,2,1,2,high_light,6.0,8.0,0.0,2.0,10000.0,100000.0,40.0,70.0,3.5,0.25,7.0,2.0,1.0,2.0,55000.0,90000.0,55.0,30.0,8,28,18.0,20,0,cluster_0,0.7916666666666667,0,bridge_cluster_0
152,Pteris cretica Parkeri,Pteridaceae,Fern,Cultivar,Tropical humid,Cretan brake,28,12,Bright light,/,Keep moist between watering. Must not be dry between watering,Table top; Tertiary,medium_indirect,0,0,1,0,1,2,medium_indirect,1.0,4.0,4.0,7.0,1500.0,30000.0,60.0,90.0,4.0,0.1,2.5,3.0,5.5,3.0,15750.0,28500.0,75.0,30.0,12,28,20.0,16,3,cluster_3,0.2174671592775041,2,bridge_cluster_2
153,Polystichum tsus simense,Dryopteridaceae,Fern,Korea,Subtropical,Korean rock fern; Tsu sima holly fern,28,-5,Bright light,/,Keep moist between watering. Must not be dry between watering,Table top; Tertiary,medium_indirect,0,0,1,0,1,2,medium_indirect,1.0,4.0,4.0,7.0,1500.0,30000.0,60.0,90.0,4.0,0.1,2.5,3.0,5.5,3.0,15750.0,28500.0,75.0,30.0,-5,28,11.5,33,3,cluster_3,0.2174671592775041,2,bridge_cluster_2
154,Polystichum polyblepharum,Dryopteridaceae,Fern,Japan,Subtropical,Japanese tassel fern,28,-5,Bright light,/,Keep moist between watering. Must not be dry between watering,Table top; Tertiary,medium_indirect,0,0,1,0,1,2,medium_indirect,1.0,4.0,4.0,7.0,1500.0,30000.0,60.0,90.0,4.0,0.1,2.5,3.0,5.5,3.0,15750.0,28500.0,75.0,30.0,-5,28,11.5,33,3,cluster_3,0.2174671592775041,2,bridge_cluster_2
155,Ravenea rivularis,Arecaceae,Palm,Madagascar,Tropical,Majesty palm,30,8,6 or more hours of direct sunlight per day.,Direct sunlight.,Keep moist between watering. Must not be dry between watering,Potted plant; Secondary,high_light,1,0,0,2,1,2,high_light,6.0,8.0,0.0,2.0,10000.0,100000.0,45.0,75.0,4.0,0.1,7.0,2.0,1.0,2.0,55000.0,90000.0,60.0,30.0,8,30,19.0,22,0,cluster_0,0.7916666666666667,0,bridge_cluster_0
156,Polyscias scutellaria,Araliaceae,Aralia,Asia,Tropical,Fabian Aralia; Red Aralia,30,12,6 or more hours of direct sunlight per day.,Direct sunlight.,Keep moist between watering. Water when soil is half dry.,Potted plant; Primary,high_light,1,0,0,2,1,2,high_light,6.0,8.0,0.0,2.0,10000.0,100000.0,45.0,75.0,3.5,0.25,7.0,2.0,1.0,2.0,55000.0,90000.0,60.0,30.0,12,30,21.0,18,0,cluster_0,0.7916666666666667,0,bridge_cluster_0
157,Pteris cretica Albo lineata,Pteridaceae,Fern,Cultivar,Tropical humid,Silver Ribbon Fern,28,12,Bright light,/,Keep moist between watering. Must not be dry between watering,Table top; Tertiary,medium_indirect,0,0,1,0,1,2,medium_indirect,1.0,4.0,4.0,7.0,1500.0,30000.0,60.0,90.0,4.0,0.1,2.5,3.0,5.5,3.0,15750.0,28500.0,75.0,30.0,12,28,20.0,16,3,cluster_3,0.2174671592775041,2,bridge_cluster_2
158,Platycerium bifurcatum,Polypodiaceae,Fern,Australia,Tropical,Staghorn fern,30,5,Bright light,Diffused,Keep moist between watering. Water when soil is half dry.,Potted plant; Tertiary,shade_tolerant,0,1,1,1,1,2,shade_tolerant,0.0,1.0,7.0,9.0,500.0,8000.0,60.0,90.0,3.5,0.25,0.5,1.0,8.0,2.0,4250.0,7500.0,75.0,30.0,5,30,17.5,25,5,cluster_5,0.020833333333333332,3,bridge_cluster_3
159,Philodendron Xanadu,Araceae,Philodendron,Cultivar,Tropical,N/A,28,18,Bright light,Diffused,Keep moist between watering. Water when soil is half dry.,Potted plant; Secondary,bright_indirect,0,1,1,1,1,2,bright_indirect,0.0,2.0,6.0,8.0,800.0,10000.0,45.0,75.0,3.5,0.25,1.0,2.0,7.0,2.0,5400.0,9200.0,60.0,30.0,18,28,23.0,10,1,cluster_1,0.052996715927750404,1,bridge_cluster_1
160,Polyscias pinnatta,Araliaceae,Aralia,Cultivar,Tropical,Balfour aralia; Aralia Balfouriana; Lemon Lime,30,12,6 or more hours of direct sunlight per day.,Direct sunlight.,Keep moist between watering. Water when soil is half dry.,Potted plant; Primary,high_light,1,0,0,2,1,2,high_light,6.0,8.0,0.0,2.0,10000.0,100000.0,45.0,75.0,3.5,0.25,7.0,2.0,1.0,2.0,55000.0,90000.0,60.0,30.0,12,30,21.0,18,0,cluster_0,0.7916666666666667,0,bridge_cluster_0
161,Philodendron Tatei Congo,Araceae,Philodendron,Cultivar,Tropical,N/A,28,18,Bright light,Diffused,Keep moist between watering. Water when soil is half dry.,Table top; Secondary,bright_indirect,0,1,1,1,1,2,bright_indirect,0.0,2.0,6.0,8.0,800.0,10000.0,45.0,75.0,3.5,0.25,1.0,2.0,7.0,2.0,5400.0,9200.0,60.0,30.0,18,28,23.0,10,1,cluster_1,0.052996715927750404,1,bridge_cluster_1
162,Sansevieria trifasciata Laurentii,Liliaceae,Sansevieria,South Africa,Tropical,Snake plant,35,10,Bright light,Diffused,Water when soil is half dry. Can be dry between watering.,Potted plant; Tertiary,bright_indirect,0,1,1,1,1,2,bright_indirect,0.0,2.0,6.0,8.0,800.0,10000.0,45.0,75.0,3.0,0.45,1.0,2.0,7.0,2.0,5400.0,9200.0,60.0,30.0,10,35,22.5,25,4,cluster_4,0.052996715927750404,1,bridge_cluster_1
163,Philodendron pinnatifidum,Araceae,Philodendron,Venezuela,Tropical,Fernleaf Philodendron,28,18,Bright light,Diffused,Keep moist between watering. Water when soil is half dry.,Table top; Tertiary,bright_indirect,0,1,1,1,1,2,bright_indirect,0.0,2.0,6.0,8.0,800.0,10000.0,45.0,75.0,3.5,0.25,1.0,2.0,7.0,2.0,5400.0,9200.0,60.0,30.0,18,28,23.0,10,1,cluster_1,0.052996715927750404,1,bridge_cluster_1
164,Podocarpus gracilior,Podocarpaceae,Foliage plant,Central Africa,Subtropical,African fern pine; Buddhist pine,30,10,6 or more hours of direct sunlight per day.,Direct sunlight.,Keep moist between watering. Must not be dry between watering,Potted plant; Primary,high_light,1,0,0,2,1,2,high_light,6.0,8.0,0.0,2.0,10000.0,100000.0,40.0,70.0,4.0,0.1,7.0,2.0,1.0,2.0,55000.0,90000.0,55.0,30.0,10,30,20.0,20,0,cluster_0,0.7916666666666667,0,bridge_cluster_0
165,Sansevieria trifasciata Hahnii,Liliaceae,Sansevieria,Cultivar,Tropical,Birdnest sansevieria; Snake plant,35,10,Bright light,Diffused,Water when soil is half dry. Can be dry between watering.,Table top; Tertiary,bright_indirect,0,1,1,1,1,2,bright_indirect,0.0,2.0,6.0,8.0,800.0,10000.0,45.0,75.0,3.0,0.45,1.0,2.0,7.0,2.0,5400.0,9200.0,60.0,30.0,10,35,22.5,25,4,cluster_4,0.052996715927750404,1,bridge_cluster_1
166,Sansevieria trifasciata,Liliaceae,Sansevieria,South Africa,Subtropical,Snake plant,35,10,Bright light,Diffused,Water when soil is half dry. Can be dry between watering.,Potted plant; Primary,bright_indirect,0,1,1,1,1,2,bright_indirect,0.0,2.0,6.0,8.0,800.0,10000.0,40.0,70.0,3.0,0.45,1.0,2.0,7.0,2.0,5400.0,9200.0,55.0,30.0,10,35,22.5,25,4,cluster_4,0.052996715927750404,1,bridge_cluster_1
167,Polyscias crispata,Araliaceae,Aralia,Malaysia,Tropical,Chicken gizard aralia,30,12,6 or more hours of direct sunlight per day.,Direct sunlight.,Keep moist between watering. Water when soil is half dry.,Potted plant; Primary,high_light,1,0,0,2,1,2,high_light,6.0,8.0,0.0,2.0,10000.0,100000.0,45.0,75.0,3.5,0.25,7.0,2.0,1.0,2.0,55000.0,90000.0,60.0,30.0,12,30,21.0,18,0,cluster_0,0.7916666666666667,0,bridge_cluster_0
168,Phoenix roebellinii,Palmae,Palm,Vietnam,Tropical,Pignee Date palm,28,8,6 or more hours of direct sunlight per day.,/,Keep moist between watering. Must not be dry between watering,Potted plant; Primary,high_light,1,0,0,1,1,2,high_light,6.0,8.0,0.0,2.0,10000.0,100000.0,45.0,75.0,4.0,0.1,7.0,2.0,1.0,2.0,55000.0,90000.0,60.0,30.0,8,28,18.0,20,0,cluster_0,0.7916666666666667,0,bridge_cluster_0
169,Polyscias pinnata Marginata,Araliaceae,Aralia,Cultivar,Tropical,Variegated Balfour aralia; Aralia Balfouriana,30,12,6 or more hours of direct sunlight per day.,Direct sunlight.,Keep moist between watering. Water when soil is half dry.,Potted plant; Primary,high_light,1,0,0,2,1,2,high_light,6.0,8.0,0.0,2.0,10000.0,100000.0,45.0,75.0,3.5,0.25,7.0,2.0,1.0,2.0,55000.0,90000.0,60.0,30.0,12,30,21.0,18,0,cluster_0,0.7916666666666667,0,bridge_cluster_0
170,Polyscias fruticosa Elegans,Araliaceae,Aralia,Malaysia,Tropical,Ming Aralia; Parsley panax,30,12,6 or more hours of direct sunlight per day.,Direct sunlight.,Keep moist between watering. Water when soil is half dry.,Potted plant; Primary,high_light,1,0,0,2,1,2,high_light,6.0,8.0,0.0,2.0,10000.0,100000.0,45.0,75.0,3.5,0.25,7.0,2.0,1.0,2.0,55000.0,90000.0,60.0,30.0,12,30,21.0,18,0,cluster_0,0.7916666666666667,0,bridge_cluster_0
171,Philodendron selloum,Araceae,Philodendron,Brazil,Tropical,Lacy tree philodendron,28,18,Bright light,Diffused,Keep moist between watering. Water when soil is half dry.,Potted plant; Secondary,bright_indirect,0,1,1,1,1,2,bright_indirect,0.0,2.0,6.0,8.0,800.0,10000.0,45.0,75.0,3.5,0.25,1.0,2.0,7.0,2.0,5400.0,9200.0,60.0,30.0,18,28,23.0,10,1,cluster_1,0.052996715927750404,1,bridge_cluster_1
172,Pteris ensiformis Evergemiensis,Pteridaceae,Fern,Asia,Tropical humid,Silver Lace Fern,28,12,Bright light,/,Keep moist between watering. Must not be dry between watering,Table top; Tertiary,medium_indirect,0,0,1,0,1,2,medium_indirect,1.0,4.0,4.0,7.0,1500.0,30000.0,60.0,90.0,4.0,0.1,2.5,3.0,5.5,3.0,15750.0,28500.0,75.0,30.0,12,28,20.0,16,3,cluster_3,0.2174671592775041,2,bridge_cluster_2
173,Rhapis excelsa,Arecaceae,Palm,China,Subtropical,Lady palm,30,8,Bright light,Diffused,Keep moist between watering. Must not be dry between watering,Potted plant; Secondary,bright_indirect,0,1,1,1,1,2,bright_indirect,0.0,2.0,6.0,8.0,800.0,10000.0,40.0,70.0,4.0,0.1,1.0,2.0,7.0,2.0,5400.0,9200.0,55.0,30.0,8,30,19.0,22,4,cluster_4,0.052996715927750404,1,bridge_cluster_1
174,Polyscias fruticosa,Araliaceae,Aralia,Malaysia,Tropical,Ming Aralia; Parsley panax,30,12,6 or more hours of direct sunlight per day.,Direct sunlight.,Keep moist between watering. Water when soil is half dry.,Potted plant; Primary,high_light,1,0,0,2,1,2,high_light,6.0,8.0,0.0,2.0,10000.0,100000.0,45.0,75.0,3.5,0.25,7.0,2.0,1.0,2.0,55000.0,90000.0,60.0,30.0,12,30,21.0,18,0,cluster_0,0.7916666666666667,0,bridge_cluster_0
175,Philodendron scandens oxycardium,Araceae,Philodendron,Central America,Tropical,Parlor ivy; Sweetheart plant; Heartleaf philodendron; Cordatum vine,28,18,Bright light,Diffused,Keep moist between watering. Water when soil is half dry.,Potted plant; Secondary,bright_indirect,0,1,1,1,1,2,bright_indirect,0.0,2.0,6.0,8.0,800.0,10000.0,45.0,75.0,3.5,0.25,1.0,2.0,7.0,2.0,5400.0,9200.0,60.0,30.0,18,28,23.0,10,1,cluster_1,0.052996715927750404,1,bridge_cluster_1
176,Veitchia merrillii,Arecaceae,Palm,Philippines,Tropical,Adonidia; Christmas palm; Manila palm,30,15,6 or more hours of direct sunlight per day.,Direct sunlight.,Keep moist between watering. Must not be dry between watering,Potted plant; Secondary,high_light,1,0,0,2,1,2,high_light,6.0,8.0,0.0,2.0,10000.0,100000.0,45.0,75.0,4.0,0.1,7.0,2.0,1.0,2.0,55000.0,90000.0,60.0,30.0,15,30,22.5,15,0,cluster_0,0.7916666666666667,0,bridge_cluster_0
177,Spathiphyllum Lynise,Araceae,Spathiphyllum,Cultivar,Tropical,Peace lily,28,15,Bright light,Diffused,Keep moist between watering. Must not be dry between watering,Potted plant; Secondary,bright_indirect,0,1,1,1,1,2,bright_indirect,0.0,2.0,6.0,8.0,800.0,10000.0,45.0,75.0,4.0,0.1,1.0,2.0,7.0,2.0,5400.0,9200.0,60.0,30.0,15,28,21.5,13,1,cluster_1,0.052996715927750404,1,bridge_cluster_1
178,Spathiphyllum Ceres,Araceae,Spathiphyllum,Cultivar,Tropical,Peace lily,28,15,Bright light,Diffused,Keep moist between watering. Must not be dry between watering,Table top; Tertiary,bright_indirect,0,1,1,1,1,2,bright_indirect,0.0,2.0,6.0,8.0,800.0,10000.0,45.0,75.0,4.0,0.1,1.0,2.0,7.0,2.0,5400.0,9200.0,60.0,30.0,15,28,21.5,13,1,cluster_1,0.052996715927750404,1,bridge_cluster_1
179,Vriesea splendens,Bromeliaceae,Bromeliad,Venezuela,Tropical,N/A,28,15,Bright light,Diffused,Change water regularly in the vase. Water when soil is half dry.,Table top; Tertiary,bright_indirect,0,1,1,1,1,2,bright_indirect,0.0,2.0,6.0,8.0,800.0,10000.0,45.0,75.0,3.0,0.45,1.0,2.0,7.0,2.0,5400.0,9200.0,60.0,30.0,15,28,21.5,13,1,cluster_1,0.052996715927750404,1,bridge_cluster_1
180,Trichilia dregei,Miliaceae,Other,Zimbabwe,Tropical humid,Cape mahogany; Christmas bells,28,12,Bright light,Diffused,Keep moist between watering. Must not be dry between watering,Potted plant; Secondary,bright_indirect,0,1,1,1,1,2,bright_indirect,0.0,2.0,6.0,8.0,800.0,10000.0,60.0,90.0,4.0,0.1,1.0,2.0,7.0,2.0,5400.0,9200.0,75.0,30.0,12,28,20.0,16,1,cluster_1,0.052996715927750404,1,bridge_cluster_1
181,Vriesea Ginger,Bromeliaceae,Bromeliad,Cultivar,Tropical,N/A,28,15,Bright light,Diffused,Change water regularly in the vase. Water when soil is half dry.,Table top; Tertiary,bright_indirect,0,1,1,1,1,2,bright_indirect,0.0,2.0,6.0,8.0,800.0,10000.0,45.0,75.0,3.0,0.45,1.0,2.0,7.0,2.0,5400.0,9200.0,60.0,30.0,15,28,21.5,13,1,cluster_1,0.052996715927750404,1,bridge_cluster_1
182,Vriesea Charlotte,Bromeliaceae,Bromeliad,Cultivar,Tropical,N/A,28,15,Bright light,Diffused,Change water regularly in the vase. Water when soil is half dry.,Table top; Tertiary,bright_indirect,0,1,1,1,1,2,bright_indirect,0.0,2.0,6.0,8.0,800.0,10000.0,45.0,75.0,3.0,0.45,1.0,2.0,7.0,2.0,5400.0,9200.0,60.0,30.0,15,28,21.5,13,1,cluster_1,0.052996715927750404,1,bridge_cluster_1
183,Syngonium podophyllum,Araceae,Hanging,Cultivar,Tropical humid,African evergreen; Arrowhead vine; Goosefoot plant; White Lightning,28,12,Bright light,Diffused,Keep moist between watering. Water when soil is half dry.,Hanging; Tertiary,bright_indirect,0,1,1,1,0,2,bright_indirect,0.0,2.0,6.0,8.0,800.0,10000.0,60.0,90.0,3.5,0.25,1.0,2.0,7.0,2.0,5400.0,9200.0,75.0,30.0,12,28,20.0,16,4,cluster_4,0.052996715927750404,1,bridge_cluster_1
184,Syagrus schizophylla,Arecaceae,Palm,Brazil,Tropical humid,Parrot palm,30,12,6 or more hours of direct sunlight per day.,Direct sunlight.,Keep moist between watering. Water when soil is half dry.,Potted plant; Primary,high_light,1,0,0,2,1,2,high_light,6.0,8.0,0.0,2.0,10000.0,100000.0,60.0,90.0,3.5,0.25,7.0,2.0,1.0,2.0,55000.0,90000.0,75.0,30.0,12,30,21.0,18,0,cluster_0,0.7916666666666667,0,bridge_cluster_0
185,Tillandsia cyanea,Bromeliaceae,Bromeliad,Ecuador,Tropical humid,Pink quill,30,15,Bright light,Diffused,Change water regularly in the vase. Water when soil is half dry.,Table top; Tertiary,bright_indirect,0,1,1,1,1,2,bright_indirect,0.0,2.0,6.0,8.0,800.0,10000.0,60.0,90.0,3.0,0.45,1.0,2.0,7.0,2.0,5400.0,9200.0,75.0,30.0,15,30,22.5,15,1,cluster_1,0.052996715927750404,1,bridge_cluster_1
186,Vriesea Christiane,Bromeliaceae,Bromeliad,Cultivar,Tropical,N/A,28,15,Bright light,Diffused,Change water regularly in the vase. Water when soil is half dry.,Table top; Tertiary,bright_indirect,0,1,1,1,1,2,bright_indirect,0.0,2.0,6.0,8.0,800.0,10000.0,45.0,75.0,3.0,0.45,1.0,2.0,7.0,2.0,5400.0,9200.0,60.0,30.0,15,28,21.5,13,1,cluster_1,0.052996715927750404,1,bridge_cluster_1
187,Tillandsia Creation,Bromeliaceae,Bromeliad,Hybrid,Tropical humid,N/A,30,15,Bright light,Diffused,Change water regularly in the vase. Water when soil is half dry.,Table top; Tertiary,bright_indirect,0,1,1,1,1,2,bright_indirect,0.0,2.0,6.0,8.0,800.0,10000.0,60.0,90.0,3.0,0.45,1.0,2.0,7.0,2.0,5400.0,9200.0,75.0,30.0,15,30,22.5,15,1,cluster_1,0.052996715927750404,1,bridge_cluster_1
188,Xanthosoma lindenii,Araceae,Foliage plant,Colombia,Tropical,Indian kale,28,12,Bright light,Diffused,Keep moist between watering. Water when soil is half dry.,Potted plant; Primary,bright_indirect,0,1,1,1,1,2,bright_indirect,0.0,2.0,6.0,8.0,800.0,10000.0,45.0,75.0,3.5,0.25,1.0,2.0,7.0,2.0,5400.0,9200.0,60.0,30.0,12,28,20.0,16,4,cluster_4,0.052996715927750404,1,bridge_cluster_1
189,Schefflera elegantissima,Araliaceae,Aralia,New Calidonia,Tropical,False aralia,28,12,6 or more hours of direct sunlight per day.,Direct sunlight.,Keep moist between watering. Can dry between watering,Potted plant; Secondary,high_light,1,0,0,2,1,2,high_light,6.0,8.0,0.0,2.0,10000.0,100000.0,45.0,75.0,3.5,0.25,7.0,2.0,1.0,2.0,55000.0,90000.0,60.0,30.0,12,28,20.0,16,0,cluster_0,0.7916666666666667,0,bridge_cluster_0
190,Spathiphyllum Sensation,Araceae,Spathiphyllum,Cultivar,Tropical,Peace lily,28,15,Bright light,Diffused,Keep moist between watering. Must not be dry between watering,Potted plant; Primary,bright_indirect,0,1,1,1,1,2,bright_indirect,0.0,2.0,6.0,8.0,800.0,10000.0,45.0,75.0,4.0,0.1,1.0,2.0,7.0,2.0,5400.0,9200.0,60.0,30.0,15,28,21.5,13,1,cluster_1,0.052996715927750404,1,bridge_cluster_1
191,Spathiphyllum Starlight,Liliaceae,Spathiphyllum,Cultivar,Tropical,Peace lily,28,15,Bright light,Diffused,Keep moist between watering. Must not be dry between watering,Table top; Tertiary,bright_indirect,0,1,1,1,1,2,bright_indirect,0.0,2.0,6.0,8.0,800.0,10000.0,45.0,75.0,4.0,0.1,1.0,2.0,7.0,2.0,5400.0,9200.0,60.0,30.0,15,28,21.5,13,1,cluster_1,0.052996715927750404,1,bridge_cluster_1
192,Sedum morganianum,Crasssulaceae,Hanging,Mexico,Arid Tropical,Burro tail,35,8,6 or more hours of direct sunlight per day.,Direct sunlight.,Water only when the soil is dry. Must be dry between watering,Hanging; Tertiary,high_light,1,0,0,2,0,2,high_light,6.0,8.0,0.0,2.0,10000.0,100000.0,20.0,50.0,1.0,0.9,7.0,2.0,1.0,2.0,55000.0,90000.0,35.0,30.0,8,35,21.5,27,2,cluster_2,0.7916666666666667,0,bridge_cluster_0
193,Spathiphyllum Domino,Araceae,Spathiphyllum,Cultivar,Tropical,Peace lily,28,15,Bright light,Diffused,Keep moist between watering. Must not be dry between watering,Table top; Tertiary,bright_indirect,0,1,1,1,1,2,bright_indirect,0.0,2.0,6.0,8.0,800.0,10000.0,45.0,75.0,4.0,0.1,1.0,2.0,7.0,2.0,5400.0,9200.0,60.0,30.0,15,28,21.5,13,1,cluster_1,0.052996715927750404,1,bridge_cluster_1
194,Syngonium podophyllum,Araceae,Hanging,Cultivar,Tropical humid,African evergreen; Arrowhead vine; Goosefoot plant; Pink Allusion,28,12,Bright light,Diffused,Keep moist between watering. Water when soil is half dry.,Hanging; Tertiary,bright_indirect,0,1,1,1,0,2,bright_indirect,0.0,2.0,6.0,8.0,800.0,10000.0,60.0,90.0,3.5,0.25,1.0,2.0,7.0,2.0,5400.0,9200.0,75.0,30.0,12,28,20.0,16,4,cluster_4,0.052996715927750404,1,bridge_cluster_1
195,Scindapsus pictus argyraeus,Araceae,Hanging,Indonisia,Tropical,Picta Philodendron; Satin pothos; Devils ivy,30,12,Bright light,Diffused,Water when soil is half dry. Can be dry between watering.,Hanging; Tertiary,bright_indirect,0,1,1,1,0,2,bright_indirect,0.0,2.0,6.0,8.0,800.0,10000.0,45.0,75.0,3.0,0.45,1.0,2.0,7.0,2.0,5400.0,9200.0,60.0,30.0,12,30,21.0,18,4,cluster_4,0.052996715927750404,1,bridge_cluster_1
196,Xanthorrhoea arborea,Liliaceae,Other,Australia,Arid Tropical,Grass tree,35,12,6 or more hours of direct sunlight per day.,/,Water only when the soil is dry. Must be dry between watering,Potted plant; Primary,high_light,1,0,0,1,1,2,high_light,6.0,8.0,0.0,2.0,10000.0,100000.0,20.0,50.0,1.0,0.9,7.0,2.0,1.0,2.0,55000.0,90000.0,35.0,30.0,12,35,23.5,23,2,cluster_2,0.7916666666666667,0,bridge_cluster_0
197,Schefflera arboricola Trinette,Araliaceae,Schefflera,Cultivar,Tropical,Yellow Hawaiian elf; Yellow parasol plant,30,12,6 or more hours of direct sunlight per day.,Direct sunlight.,Keep moist between watering. Water when soil is half dry.,Table top; Secondary,high_light,1,0,0,2,1,2,high_light,6.0,8.0,0.0,2.0,10000.0,100000.0,45.0,75.0,3.5,0.25,7.0,2.0,1.0,2.0,55000.0,90000.0,60.0,30.0,12,30,21.0,18,0,cluster_0,0.7916666666666667,0,bridge_cluster_0
198,Schefflera actinophylla Amate,Araliaceae,Schefflera,Cultivar,Tropical,Umbella plant,28,12,6 or more hours of direct sunlight per day.,Direct sunlight.,Keep moist between watering. Water when soil is half dry.,Potted plant; Secondary,high_light,1,0,0,2,1,2,high_light,6.0,8.0,0.0,2.0,10000.0,100000.0,45.0,75.0,3.5,0.25,7.0,2.0,1.0,2.0,55000.0,90000.0,60.0,30.0,12,28,20.0,16,0,cluster_0,0.7916666666666667,0,bridge_cluster_0
199,Schefflera actinophylla Renegade,Araliaceae,Schefflera,Cultivar,Tropical,Umbella plant,28,12,6 or more hours of direct sunlight per day.,Direct sunlight.,Keep moist between watering. Water when soil is half dry.,Potted plant; Secondary,high_light,1,0,0,2,1,2,high_light,6.0,8.0,0.0,2.0,10000.0,100000.0,45.0,75.0,3.5,0.25,7.0,2.0,1.0,2.0,55000.0,90000.0,60.0,30.0,12,28,20.0,16,0,cluster_0,0.7916666666666667,0,bridge_cluster_0
200,Sansevieria trifasciata var,Liliaceae,Sansevieria,Cultivar,Tropical,Snake plant,35,10,Bright light,Diffused,Water when soil is half dry. Can be dry between watering.,Potted plant; Secondary,bright_indirect,0,1,1,1,1,2,bright_indirect,0.0,2.0,6.0,8.0,800.0,10000.0,45.0,75.0,3.0,0.45,1.0,2.0,7.0,2.0,5400.0,9200.0,60.0,30.0,10,35,22.5,25,4,cluster_4,0.052996715927750404,1,bridge_cluster_1
201,Spathiphyllum Supreme,Liliaceae,Spathiphyllum,Cultivar,Tropical,Peace lily,28,15,Bright light,Diffused,Keep moist between watering. Must not be dry between watering,Potted plant; Secondary,bright_indirect,0,1,1,1,1,2,bright_indirect,0.0,2.0,6.0,8.0,800.0,10000.0,45.0,75.0,4.0,0.1,1.0,2.0,7.0,2.0,5400.0,9200.0,60.0,30.0,15,28,21.5,13,1,cluster_1,0.052996715927750404,1,bridge_cluster_1
202,Schefflera arboricola,Araliaceae,Schefflera,Taiwan,Tropical,Hawaiian elf; Parasol plant,30,12,6 or more hours of direct sunlight per day.,Direct sunlight.,Keep moist between watering. Water when soil is half dry.,Potted plant; Secondary,high_light,1,0,0,2,1,2,high_light,6.0,8.0,0.0,2.0,10000.0,100000.0,45.0,75.0,3.5,0.25,7.0,2.0,1.0,2.0,55000.0,90000.0,60.0,30.0,12,30,21.0,18,0,cluster_0,0.7916666666666667,0,bridge_cluster_0
203,Spathiphyllum,Araceae,Spathiphyllum,Cultivar,Tropical,Peace lily; Emerald Swirl,28,15,Bright light,Diffused,Keep moist between watering. Must not be dry between watering,Table top; Tertiary,bright_indirect,0,1,1,1,1,2,bright_indirect,0.0,2.0,6.0,8.0,800.0,10000.0,45.0,75.0,4.0,0.1,1.0,2.0,7.0,2.0,5400.0,9200.0,60.0,30.0,15,28,21.5,13,1,cluster_1,0.052996715927750404,1,bridge_cluster_1
204,Spathiphyllum Starlight,Araceae,Spathiphyllum,Cultivar,Tropical,Peace lily,28,15,Bright light,Diffused,Keep moist between watering. Must not be dry between watering,Table top; Tertiary,bright_indirect,0,1,1,1,1,2,bright_indirect,0.0,2.0,6.0,8.0,800.0,10000.0,45.0,75.0,4.0,0.1,1.0,2.0,7.0,2.0,5400.0,9200.0,60.0,30.0,15,28,21.5,13,1,cluster_1,0.052996715927750404,1,bridge_cluster_1
205,Schefflera arboricola,Araliaceae,Schefflera,Cultivar,Tropical,Hawaiian elf; Parasol plant; Gold Cappela,30,12,6 or more hours of direct sunlight per day.,Direct sunlight.,Keep moist between watering. Water when soil is half dry.,Potted plant; Secondary,high_light,1,0,0,2,1,2,high_light,6.0,8.0,0.0,2.0,10000.0,100000.0,45.0,75.0,3.5,0.25,7.0,2.0,1.0,2.0,55000.0,90000.0,60.0,30.0,12,30,21.0,18,0,cluster_0,0.7916666666666667,0,bridge_cluster_0
206,Strelitzia nicolai,Strelitziaceae,Foliage plant,South Africa,Subtropical,White bird of paradise,30,12,6 or more hours of direct sunlight per day.,Direct sunlight.,Keep moist between watering. Water when soil is half dry.,Table top; Tertiary,high_light,1,0,0,2,1,2,high_light,6.0,8.0,0.0,2.0,10000.0,100000.0,40.0,70.0,3.5,0.25,7.0,2.0,1.0,2.0,55000.0,90000.0,55.0,30.0,12,30,21.0,18,0,cluster_0,0.7916666666666667,0,bridge_cluster_0
207,Zamioculcas zamifolia,Araceae,Foliage plant,South Africa,Tropical,Zz plant,30,12,Bright light,Diffused,Keep moist between watering. Water when soil is half dry.,Table top; Secondary,bright_indirect,0,1,1,1,1,2,bright_indirect,0.0,2.0,6.0,8.0,800.0,10000.0,45.0,75.0,3.5,0.25,1.0,2.0,7.0,2.0,5400.0,9200.0,60.0,30.0,12,30,21.0,18,4,cluster_4,0.052996715927750404,1,bridge_cluster_1
208,Yucca elephantipes,Liliaceae,Dracaena,Mexico,Subtropical,Spineless yucca; Palm lily,30,12,6 or more hours of direct sunlight per day.,Direct sunlight.,Keep moist between watering. Water when soil is half dry.,Potted plant; Secondary,high_light,1,0,0,2,1,2,high_light,6.0,8.0,0.0,2.0,10000.0,100000.0,40.0,70.0,3.5,0.25,7.0,2.0,1.0,2.0,55000.0,90000.0,55.0,30.0,12,30,21.0,18,0,cluster_0,0.7916666666666667,0,bridge_cluster_0
