id,latin,family,category,origin,climate,common,tempmax_celsius,tempmax_fahrenheit,tempmin_celsius,tempmin_fahrenheit,ideallight,toleratedlight,watering,insects,diseases,use
0,Aeschynanthus lobianus,Gesneriaceae,Hanging,Java,Tropical,Lipstick,32,89.6,14,57.2,Bright light,Direct sunlight,Keep moist between watering. Can be a bit dry between watering,Mealy bug; Aphid; Thrips,N/A,Hanging; Flower; Tertiary
1,Adiantum raddianum,Polypodiaceae,Fern,Brazil,Tropical,Maindenhair; Delta maidenhair,30,86.0,12,53.6,Bright light,Diffused,Keep moist between watering. Must not be dry between watering,Mealy bug; Aphid; Snail,Gray mold,Potted plant; Ground cover; Table top
2,Aechmea fatsiata,Bromeliaceae,Bromeliad,Brazil,Tropical humid,Silver vase,30,20.0,12,53.6,Bright light,Diffused,Water when soil is half dry. Change water in the vase regularly.,N/A,N/A,Flower; Table top; Tertiary
3,Agave angustilolia Marginata,Amaryllidaceae,Cactus And Succulent, India,Tropical,Variegated Carabbean Agave; Century plant,35,95.0,5,41.0,6 or more hours of direct sunlight per day.,Direct sunlight.,Water only when the soil is dry. Must be dry between watering,Scale; Mealy bug,N/A,Potted plant; Primary; Secondary
4,Aechmea ramosa,Bromeliaceae,Bromeliad,Brazil,Subtropical,Coral berry,30,20.0,12,53.6,Bright light,Diffused,Water when soil is half dry. Change water in the vase regularly.,N/A,N/A,Flower; Table top; Primary
5,Aechmea fasciata,Bromeliaceae,Bromeliad,Hybrid,Tropical humid,Silver vase,30,20.0,12,53.6,Bright light,Diffused,Water when soil is half dry. Change water in the vase regularly.,N/A,N/A,Flower; Table top; Tertiary
6,Agave filifera,Amaryllidaceae,Cactus And Succulent,Mexico,Arid Tropical,Thread Agave; Century plant,35,95.0,5,41.0,6 or more hours of direct sunlight per day.,Direct sunlight.,Water only when the soil is dry. Must be dry between watering,Scale; Mealy bug,N/A,Potted plant; Primary; Secondary
7,Adiantum hispidulum,Polypodiaceae,Fern,Australia & New Guinea,Tropical,Rosy Maidenhair; Autralian maidenhair,30,20.0,12,53.6,Bright light,Diffused,Keep moist between watering. Must not be dry between watering,Mealy bug; Aphid; Snail,Gray mold,Table top; Ground cover; Tertiary
8,Agave attenuata,Amaryllidaceae,Cactus And Succulent,Mexico,Arid Tropical,Dragon tree Agave; Century plant,35,95.0,5,41.0,6 or more hours of direct sunlight per day.,Direct sunlight.,Water only when the soil is dry. Must be dry between watering,Scale; Mealy bug,N/A,Potted plant; Primary; Secondary
9,Aglaonema,Araceae,Aglaonema,Hybrid,Tropical,Chinese Evergreen; Amelia,28,82.4,18,64.4,Bright light,Diffused,Keep moist between watering. Water when soil is half dry.,Mealy bug; Scale,Phytophtora; Crown rot,Potted plant; Secondary; Tertiary
10,Aglaonema,Araceae,Aglaonema,Hybrid,Tropical,Chinese Evergreen; Painted Princess,28,82.4,18,64.4,Bright light,Diffused,Keep moist between watering. Water when soil is half dry.,Mealy bug; Scale,Phytophtora; Crown rot,Potted plant; Secondary; Tertiary
11,Aglaonema,Araceae,Aglaonema,Hybrid,Tropical,Chinese Evergreen; Queen of Siam,28,82.4,18,64.4,Bright light,Diffused,Keep moist between watering. Water when soil is half dry.,Mealy bug; Scale,Phytophtora; Crown rot,Potted plant; Secondary; Tertiary
12,Aglaonema,Araceae,Aglaonema,Hybrid,Tropical,Chinese Evergreen; Jewel of India,28,82.4,18,64.4,Bright light,Diffused,Keep moist between watering. Water when soil is half dry.,Mealy bug; Scale,Phytophtora; Crown rot,Table top; Ground cover; Tertiary
13,Aglaonema,Araceae,Aglaonema,Hybrid,Tropical,Chinese Evergreen; Patricia,28,82.4,18,64.4,Bright light,Diffused,Keep moist between watering. Water when soil is half dry.,Mealy bug; Scale,Phytophtora; Crown rot,Potted plant; Secondary; Tertiary
14,Aglaonema,Araceae,Aglaonema,Hybrid,Tropical,Chinese Evergreen; Green Lady,28,82.4,18,64.4,Bright light,Diffused,Keep moist between watering. Water when soil is half dry.,Mealy bug; Scale,Phytophtora; Crown rot,Potted plant; Secondary; Tertiary
15,Aglaonema,Araceae,Aglaonema,Hybrid,Tropical,Chinese Evergreen; Black Lance,28,82.4,18,64.4,Bright light,Diffused,Keep moist between watering. Water when soil is half dry.,Mealy bug; Scale,Phytophtora; Crown rot,Potted plant; Secondary; Tertiary
16,Aglaonema,Araceae,Aglaonema,Hybrid,Tropical,Chinese Evergreen; Silver Queen,28,82.4,18,64.4,Bright light,Diffused,Keep moist between watering. Water when soil is half dry.,Mealy bug; Scale,Phytophtora; Crown rot,Potted plant; Secondary; Tertiary
17,Aglaonema,Araceae,Aglaonema,Hybrid,Tropical,Chinese Evergreen; Rapsody in Green,28,82.4,18,64.4,Bright light,Diffused,Keep moist between watering. Water when soil is half dry.,Mealy bug; Scale,Phytophtora; Crown rot,Potted plant; Primary; Secondary
18,Aglaonema,Araceae,Aglaonema,Hybrid,Tropical,Chinese Evergreen; Manila Pride,28,82.4,18,64.4,Bright light,Diffused,Keep moist between watering. Water when soil is half dry.,Mealy bug; Scale,Phytophtora; Crown rot,Potted plant; Secondary; Tertiary
19,Agave verschaffeltii,Amaryllidaceae,Cactus And Succulent,Mexico,Arid Tropical,Blue Agave; Century plant,35,95.0,12,53.6,6 or more hours of direct sunlight per day.,Direct sunlight.,Water only when the soil is dry. Must be dry between watering,Scale; Mealy bug,N/A,Potted plant; Primary; Secondary
20,Aglaonema,Araceae,Aglaonema,Hybrid,Tropical,Chinese Evergreen; Emerald Beauty,28,82.4,18,64.4,Bright light,Diffused,Keep moist between watering. Water when soil is half dry.,Mealy bug; Scale,Phytophtora; Crown rot,Table top; Ground cover; Tertiary
21,Aglaonema,Araceae,Aglaonema,Hybrid,Tropical,Chinese Evergreen; Jubilee,28,82.4,18,64.4,Bright light,Diffused,Keep moist between watering. Water when soil is half dry.,Mealy bug; Scale,Phytophtora; Crown rot,Potted plant; Secondary; Tertiary
22,Agave striata,Amaryllidaceae,Cactus And Succulent,Mexico,Arid Tropical,Lilliput Agave; Century plant; Nana,35,95.0,12,53.6,6 or more hours of direct sunlight per day.,Direct sunlight.,Water only when the soil is dry. Must be dry between watering,Scale; Mealy bug,N/A,Potted plant; Primary; Secondary
23,Aglaonema,Araceae,Aglaonema,Hybrid,Tropical,Chinese Evergreen; Abidjan,28,82.4,18,64.4,Bright light,Diffused,Keep moist between watering. Water when soil is half dry.,Mealy bug; Scale,Phytophtora; Crown rot,Potted plant; Secondary; Tertiary
24,Aglaonema,Araceae,Aglaonema,Hybrid,Tropical,Chinese Evergreen; Maria Chirstina,28,82.4,18,64.4,Bright light,Diffused,Keep moist between watering. Water when soil is half dry.,Mealy bug; Scale,Phytophtora; Crown rot,Potted plant; Ground cover; Tertiary
25,Alocasia nebula Imperialis,Araceae,Other,Cultivar,Tropical humid,Elephant ear,28,82.4,15,59.0,Bright light,Direct sunlight.,Keep moist between watering. Water when soil is half dry.,Spider mite; Mealy bug,Phytophtora; Crown rot,Colors / Forms; Table top; Tertiary
26,Aglaonema,Araceae,Aglaonema,Hybrid,Tropical,Chinese Evergreen; Emerald Isle,28,82.4,18,64.4,Bright light,Diffused,Keep moist between watering. Water when soil is half dry.,Mealy bug; Scale,Phytophtora; Crown rot,Potted plant; Secondary; Tertiary
27,Aglaonema,Araceae,Aglaonema,Hybrid,Tropical,Chinese Evergreen; Mary Ann,28,82.4,18,64.4,Bright light,Diffused,Keep moist between watering. Water when soil is half dry.,Mealy bug; Scale,Phytophtora; Crown rot,Potted plant; Secondary; Tertiary
28,Allamanda nerifolia,Apocynaceae,Flower,Brazil,Tropical,Golden Trumpet,30,20.0,10,50.0,6 or more hours of direct sunlight per day.,Direct sunlight.,Keep moist between watering. Water when soil is half dry.,Mealy bug; Scale; Spider mite,N/A,Flower
29,Aglaonema,Araceae,Aglaonema,Hybrid,Tropical,Chinese Evergreen; BJ Freeman,28,82.4,18,64.4,Bright light,Diffused,Keep moist between watering. Water when soil is half dry.,Mealy bug; Scale,Phytophtora; Crown rot,Potted plant; Primary; Secondary
30,Aglaonema,Araceae,Aglaonema,Hybrid,Tropical,Chinese Evergreen; Marguerita,28,82.4,18,64.4,Bright light,Diffused,Keep moist between watering. Water when soil is half dry.,Mealy bug; Scale,Phytophtora; Crown rot,Potted plant; Primary; Secondary
31,Aglaonema,Araceae,Aglaonema,Hybrid,Tropical,Chinese Evergreen; Emerald Star,28,82.4,18,64.4,Bright light,Diffused,Keep moist between watering. Water when soil is half dry.,Mealy bug; Scale,Phytophtora; Crown rot,Potted plant; Secondary; Secondary
32,Aglaonema,Araceae,Aglaonema,Hybrid,Tropical,Chinese Evergreen; Silver Bay,28,82.4,18,64.4,Bright light,Diffused,Keep moist between watering. Water when soil is half dry.,Mealy bug; Scale,Phytophtora; Crown rot,Potted plant; Secondary; Tertiary
33,Aspidistra elatior,Liliaceae,Foliage plant,China,Subtropical,Cast iron plant,28,82.4,8,46.4,Bright light,Diffused,Water when soil is half dry. Can be dry between watering.,Spider mite; Mealy bug; Scale,N/A,Ground cover; Potted plant
34,Anthurium superbum,Araceae,Anthurium,Ecuador,Tropical,Bronze Anthurium,28,82.4,18,64.4,Bright light,Diffused,Water when soil is half dry. Can be dry between watering.,Spider mite; Mealy bug,N/A,Table top; Colors / Forms; Secondary
35,Caryota mitis,Palmae,Palm, India,Tropical,Fish tail palm,25,77.0,10,50.0,Bright light,Diffused,Keep moist between watering. Must not be dry between watering,Spider mite; Mealy bug,N/A,Potted plant; Primary
36,Codiaeum petra,Euphorbiaceae,Foliage plant,Cultivar,Tropical,Croton,28,82.4,10,50.0,6 or more hours of direct sunlight per day.,Direct sunlight.,Keep moist between watering. Water when soil is half dry.,Spider mite; Mealy bug,N/A,Potted plant; Secondary
37,Cereus peruvianus,Cactaceae,Cactus And Succulent,Brazil,Arid Tropical,Tree Cereus,35,95.0,5,41.0,6 or more hours of direct sunlight per day.,Direct sunlight.,Water only when dry or when soil is half dry.,Scale; Mealy bug,N/A,Potted plant; Primary
38,Blechnum gibbum,Polypodiaceae,Fern,New Calidonia,Tropical humid,Miniature tree fern; Dwarf tree fern,30,20.0,10,50.0,Bright light,Diffused,Keep moist between watering. Must not be dry between watering,Mealy bug; Scale,N/A,Potted plant; Secondary
39,Chamaedorea elegans,Arecaceae,Palm,Mexico,Tropical,Bella palm; Neanthebella palm; Dwarf palm; Parlor palm,28,82.4,5,41.0,Bright light,Diffused,Keep moist between watering. Water when soil is half dry.,Spider mite; Mealy bug; Scale,N/A,Potted plant; Tertiary
40,Calathea veitchiana,Marantaceae,Foliage plant,Hybrid,Tropical,Medallion Calathea,25,77.0,10,50.0,Bright light,Diffused,Keep moist between watering. Water when soil is half dry.,Spider mite; Mealy bug; Scale,N/A,Table top; Ground cover
41,Calathea pictura Argentea,Marantaceae,Foliage plant,Cultivar,Tropical,Silver Calathea,25,77.0,10,50.0,Bright light,Diffused,Keep moist between watering. Water when soil is half dry.,Spider mite; Mealy bug; Scale,N/A,Table top; Ground cover; Tertiary
42,Bougainvillea,Nyctaginaceae,Flower,Cultivar,Tropical,Bougainvillia; Paper flower,32,89.6,10,50.0,6 or more hours of direct sunlight per day.,Direct sunlight.,Keep moist between watering. Water when soil is half dry.,Aphid; Mealy bug,N/A,Potted plant; Colors / Forms; Primary
43, Chamaedorea seifrizii,Arecaceae,Palm,Mexico,Tropical,Bamboo palm; Reed Palm,30,20.0,10,50.0,Bright light,Diffused,Keep moist between watering. Water when soil is half dry.,Spider mite; Mealy bug,N/A,Potted plant; Secondary
44, Alocasia X amazonica,Araceae,Other,Hybrid,Tropical humid,Elephant ear,28,82.4,15,59.0,Bright light,Diffused,Keep moist between watering. Water when soil is half dry.,Spider mite; Mealy bug,Phytophtora; Crown rot,Colors / Forms; Table top; Tertiary
45,Anthurium X,Araceae,Anthurium,Cultivar,Tropical,Tailflower; Wax flower,22,71.6,18,64.4,Bright light,Diffused,Water when soil is half dry. Can be dry between watering.,Spider mite; Mealy bug; Aphid,Erwinia; Crown rot,Flower; Table top; Tertiary
46,Anthurium hookeri,Araceae,Anthurium,Guyana,Tropical humid,Bird nest Anthurium; Cabbage Anthurium,28,82.4,18,64.4,Bright light,Diffused,Water when soil is half dry. Can be dry between watering.,Mealy bug; Snail; Aphid,Erwinia; Crown rot,Potted plant; Secondary
47,Cissus rhombifolia,Vitaceae,Hanging,Cultivar,Subtropical,Grape Ivy; Ellen Danica,28,82.4,10,50.0,Bright light,Diffused,Keep moist between watering. Can dry between watering,Mealy bug,Downy mildiou; Powdery,Hanging; Ground cover
48,Cereus peruvianus Monstrosus,Cactaceae,Cactus And Succulent,Brazil,Arid Tropical,Monster cactus,35,95.0,5,41.0,6 or more hours of direct sunlight per day.,Direct sunlight.,Water only when dry or when soil is half dry.,Scale; Mealy bug,N/A,Potted plant; Primary
49,Chamaedorea erumpens,Arecaceae,Palm,Honduras,Tropical,Bamboo palm,28,82.4,10,50.0,Bright light,Diffused,Keep moist between watering. Water when soil is half dry.,Spider mite; Mealy bug,N/A,Potted plant; Secondary
50,Calathea stromata,Marantaceae,Foliage plant,Brazil,Tropical,Stromante,25,77.0,10,50.0,Bright light,Diffused,Keep moist between watering. Water when soil is half dry.,Spider mite; Mealy bug; Scale,N/A,Table top; Ground cover
51,Codiaeum,Euphorbiaceae,Foliage plant,Cultivar,Tropical,Croton,28,82.4,10,50.0,6 or more hours of direct sunlight per day.,Direct sunlight.,Keep moist between watering. Water when soil is half dry.,Spider mite; Mealy bug,N/A,Secondary; Tertiary
52,Calathea rufibarba,Marantaceae,Foliage plant,Brazil,Tropical,Velvet Calathea,25,77.0,10,50.0,Bright light,Diffused,Keep moist between watering. Water when soil is half dry.,Spider mite; Mealy bug; Scale,N/A,Table top; Ground cover
53,Alocasias X Amazonica var,Araceae,Other,Hybrid,Tropical humid,Elephant ear,28,82.4,15,59.0,Bright light,Diffused,Keep moist between watering. Water when soil is half dry.,Spider mite; Mealy bug,Phytophtora; Crown rot,Colors / Forms; Table top; Tertiary
54,Crassula argentea,Crasssulaceae,Cactus And Succulent,South Africa,Subtropical arid,Jade Plant,35,95.0,12,55.0,6 or more hours of direct sunlight per day.,Direct sunlight.,Water only when the soil is dry. Must be dry between watering,Mealy bug,N/A,Potted plant; Primary
55,Alocasias X Amazonica,Araceae,Other,Hybrid,Tropical humid,Elephant ear,28,82.4,15,59.0,Bright light,Diffused,Keep moist between watering. Water when soil is half dry.,Spider mite; Mealy bug,Phytophtora; Crown rot,Colors / Forms; Potted plant; Primary
56,Cissus rhombifolia,Vitaceae,Hanging,Central America & South America,Tropical,Grape Ivy,28,82.4,10,50.0,Bright light,Diffused,Keep moist between watering. Can dry between watering,Mealy bug,Downy mildiou; Powdery,Hanging; Ground cover
57,Anthurium schlechtendalii,Araceae,Anthurium,Costa rica,Tropical,Bird nest Anthurium; Cabbage Anthurium,28,82.4,18,64.4,Bright light,Diffused,Water when soil is half dry. Can be dry between watering.,Spider mite; Mealy bug; Aphid,N/A,Potted plant; Colors / Forms; Primary
58,Chamaedorea metallica,Arecaceae,Palm,Mexico,Tropical,Miniature fishtail; Steel palm,30,20.0,10,50.0,Bright light,Diffused,Keep moist between watering. Water when soil is half dry.,Mealy bug,N/A,Potted plant; Secondary
59,Aspidistra elatior Minor,Liliaceae,Foliage plant,Japan,Subtropical,Cast iron plant; Aspidistra Milky Way,28,82.4,8,46.4,Bright light,Diffused,Water when soil is half dry. Can be dry between watering.,Spider mite; Mealy bug; Scale,N/A,Ground cover; Potted plant
60,Calathea ornata Rosea lineata,Marantaceae,Foliage plant,Cultivar,Tropical,Stiped calathea,25,77.0,10,50.0,Bright light,Diffused,Keep moist between watering. Water when soil is half dry.,Spider mite; Mealy bug; Scale,N/A,Table top; Ground cover; Tertiary
61,Asplenium nidus,Aspleniaceae,Fern,Asia,Tropical humid,Birdnest fern,28,82.4,15,59.0,Bright light,Diffused,Keep moist between watering. Must not be dry between watering,Mealy bug,N/A,Potted plant; Primary
62,Anthurium hookeri,Araceae,Anthurium,Guyana,Tropical humid,Bird nest Anthurium; Cabbage Anthurium,28,82.4,18,64.4,Bright light,Diffused,Water when soil is half dry. Can be dry between watering.,Mealy bug; Snail; Aphid,Erwinia; Crown rot,Potted plant; Primary
63,Chlorophytum comosum,Liliaceae,Hanging,Central Africa,Tropical to subtropical,Spider plant,28,82.4,5,41.0,Bright light,Diffused,Keep moist between watering. Water when soil is half dry.,N/A,N/A,Hanging; Ground cover
64,Didymochlaena truncatula,Dryopteridaceae,Fern,South America,Tropical humid,Tree Maindenhair fern,30,20.0,5,41.0,6 or more hours of direct sunlight per day.,Diffused,Keep moist between watering. Must not be dry between watering,Mealy bug; Scale,N/A,Potted plant; Tertiary
65,Dieffenbachia,Araceae,Dieffenbachia,Hybrid,Tropical,Dumcane; Tropic Mary Ann,28,82.4,12,53.6,Bright light,Diffused,Keep moist between watering. Can dry between watering,Spider mite; Mealy bug,Fusarium; Erwinia,Table top; Potted plant
66,Dieffenbachia,Araceae,Dieffenbachia,Hybrid,Tropical,Dumcane; Star Bright,28,82.4,12,53.6,Bright light,Diffused,Keep moist between watering. Can dry between watering,Spider mite; Mealy bug,Fusarium; Erwinia,Potted plant; Secondary
67,Dracaena marginata,Liliaceae,Dracaena,Cultivar,Tropical,Madagascar dragon tree; Tricolor,28,82.4,10,50.0,Bright light,Diffused,Keep moist between watering. Can dry between watering,Mealy bug; Scale; Spider mite,N/A,Potted plant; Secondary
68,Dracaena fragrans Massangeana,Liliaceae,Dracaena,Cultivar,Tropical,Cornstalk plant,30,20.0,10,50.0,Bright light,Diffused,Keep moist between watering. Can dry between watering,Mealy bug; Scale,N/A,Potted plant; Primary
69,Dracaena deremensis,Liliaceae,Dracaena,Cultivar,Tropical,Janet Craig,30,20.0,10,50.0,Bright light,Diffused,Keep moist between watering. Can dry between watering,Mealy bug; Scale,N/A,Potted plant; Secondary
70,Cryptanthus Rose Eliane,Bromeliaceae,Bromeliad,Cultivar,Tropical,,28,82.4,10,50.0,Bright light,Direct sunlight,Can be dry between watering. Water when soil is half dry.,N/A,N/A,Table top; Primary
71,Dracaena reflexa,Liliaceae,Dracaena, India,Tropical,Yellow Malaysian Dracaena; Song of India,30,20.0,12,53.6,6 or more hours of direct sunlight per day.,Direct sunlight.,Keep moist between watering. Water when soil is half dry.,Mealy bug,N/A,Potted plant; Primary
72,Dieffenbachia maculata,Araceae,Dieffenbachia,Hybrid,Tropical,Dumcane; Carina,28,82.4,12,53.6,Bright light,Diffused,Keep moist between watering. Can dry between watering,Spider mite; Mealy bug,Fusarium; Erwinia,Table top; Potted plant
73,Dracaena reflexa,Liliaceae,Dracaena,Cultivar,Tropical,Malaysian Dracaena; Song of Jamaica,30,20.0,12,53.6,Bright light,Diffused,Keep moist between watering. Water when soil is half dry.,Mealy bug,N/A,Potted plant; Secondary
74,Cycas revoluta,Cycadaceae,Palm,Japan,Subtropical,Sago palm; King sago,30,20.0,8,46.4,"Prefers bright, indirect sunlight.",/,Water when soil is half dry. Can be dry between watering.,Scale; Mealy bug,N/A,Potted plant; Primary
75,Crassula argentea,Crasssulaceae,Cactus And Succulent,South Africa,Subtropical arid,Jade Plant,35,95.0,12,55.0,6 or more hours of direct sunlight per day.,Direct sunlight.,Water only when the soil is dry. Must be dry between watering,Mealy bug,N/A,Potted plant; Primary
76,Ctenanthe lubbersiana,Marantaceae,Foliage plant,Brazil,Tropical,Phrynium,25,77.0,12,53.6,Bright light,Diffused,Keep moist between watering. Must not be dry between watering,Spider mite; Mealy bug,N/A,Potted plant; Secondary
77,Dracaena reflexa,Liliaceae,Dracaena,Madagascar,Tropical,Malaysian Dracaena,30,20.0,12,53.6,Bright light,Diffused,Keep moist between watering. Water when soil is half dry.,Mealy bug,N/A,Table top; Tertiary
78,Dracaena deremensis,Liliaceae,Dracaena,Cultivar,Tropical,Striped Dracaena; Gold Star,30,20.0,10,50.0,Bright light,Diffused,Keep moist between watering. Can dry between watering,Mealy bug; Scale,N/A,Potted plant; Secondary
79,Cyrtomium falcatum,Dryopteridaceae,Fern,Asia,Subtropical,Holly-fern,30,20.0,5,41.0,Bright light,Diffused,Keep moist between watering. Water when soil is half dry.,Scale; Mealy bug,N/A,Potted plant; Ground cover
80,Dracaena deremensis,Liliaceae,Dracaena,Africa,Tropical,Dwarf bouquet; Calypso Queen; Janet Craig Compacta,30,20.0,10,50.0,Bright light,Diffused,Keep moist between watering. Can dry between watering,Mealy bug; Scale,N/A,Potted plant; Secondary
81,Davallia trichomannoides,Davalliaceae,Fern,Canaries,Tropical,Rabbits foot; Squirrels foot,25,77.0,10,50.0,Bright light,Diffused,Water when soil is half dry. Can be dry between watering.,Mealy bug; Scale,N/A,Hanging; Potted plant
82,Dracaena deremensis,Liliaceae,Dracaena,Cultivar,Tropical,Lisa Dracaena; Lisa,30,20.0,10,50.0,Bright light,Diffused,Keep moist between watering. Can dry between watering,Mealy bug; Scale,N/A,Potted plant; Primary
83,Dracaena marginata,Liliaceae,Dracaena,Madagascar,Tropical,Madagascar dragon tree,30,20.0,10,50.0,Bright light,Diffused,Keep moist between watering. Can dry between watering,Mealy bug; Scale; Spider mite,N/A,Potted plant; Secondary
84,Dracaena deremensis,Liliaceae,Dracaena,Africa,Tropical,Striped Dracaena; Warneckei,30,20.0,10,50.0,Bright light,Diffused,Keep moist between watering. Can dry between watering,Mealy bug; Scale,N/A,Potted plant; Secondary
85,Dracaena deremensis,Liliaceae,Dracaena,Cultivar,Tropical,Striped Dracaena; Lemon Lime,30,20.0,10,50.0,Bright light,Diffused,Keep moist between watering. Can dry between watering,Mealy bug; Scale,N/A,Table top; Tertiary
86,Dieffenbachia maculata,Araceae,Dieffenbachia,Hybrid,Tropical,Dumcane; Camille,28,82.4,12,53.6,Bright light,Diffused,Keep moist between watering. Can dry between watering,Spider mite; Mealy bug,Fusarium; Erwinia,Table top; Potted plant
87,Dieffenbachia amoena,Araceae,Dieffenbachia,Cultivar,Tropical,Dumcane; Tropic Snow,28,82.4,12,53.6,Bright light,Diffused,Keep moist between watering. Can dry between watering,Spider mite; Mealy bug,Fusarium; Erwinia,Potted plant; Secondary
88,Ficus elastica,Moraceae,Ficus,Cultivar,Tropical,Rubber plant; Tineke,30,20.0,10,50.0,6 or more hours of direct sunlight per day.,Direct sunlight.,Keep moist between watering. Can dry between watering,Mealy bug; Scale,N/A,Table top; Tertiary
89,Dypsis lutescens,Arecaceae,Palm,Madagascar,Tropical,Areca palm; Butterfly palm,28,82.4,10,50.0,6 or more hours of direct sunlight per day.,Direct sunlight.,Keep moist between watering. Must not be dry between watering,Spider mite; Mealy bug; Scale,N/A,Potted plant; Secondary
90,Epiphyllum,Cactaceae,Cactus And Succulent,Hybrid,Tropical,Orchid cactus,32,89.6,5,41.0,Bright light,Direct sunlight,Keep moist between watering. Water when soil is half dry.,Mealy bug,N/A,Hanging; Secondary
91,Echinocactus grusonii,Cactaceae,Cactus And Succulent,Central Mexico,Arid Tropical,Golden Barrel,40,104.0,5,41.0,6 or more hours of direct sunlight per day.,/,Water only when dry. Must be dry between watering,Mealy bug; Scale; Spider mite,N/A,Potted plant; Primary
92,Euphorbia milii,Euphorbiaceae,Cactus And Succulent,Madagascar,Arid Tropical,Christ thorn; Crown of thorns,35,95.0,12,53.6,6 or more hours of direct sunlight per day.,Direct sunlight.,Water only when the soil is dry. Must be dry between watering,Mealy bug; White fly,Downy mildiou; Gray mold,Table top; Tertiary
93,Epipremnum aureum,Araceae,Hanging,Cultivar,Tropical,White Pothos; Marble Queen,30,20.0,12,53.6,Bright light,Diffused,Keep moist between watering. Water when soil is half dry.,Mealy bug,Pythium,Hanging; Tertiary
94,Guzmania,Bromeliaceae,Bromeliad,Cultivar,Tropical,Guzmania; Guzmania Sunnytime,30,20.0,10,50.0,Bright light,Diffused,Water when soil is half dry. Change water in the vase regularly.,N/A,N/A,Table top; Tertiary
95,Ficus maclellandii,Moraceae,Ficus,Cultivar,Tropical,Willow fig tree; Amstel King,30,20.0,10,50.0,6 or more hours of direct sunlight per day.,Direct sunlight.,Keep moist between watering. Must not be dry between watering,Spider mite; Mealy bug; Scale,N/A,Potted plant; Primary
96,Guzmania,Bromeliaceae,Bromeliad,Cultivar,Tropical,Guzmania; Guzmania Empire,30,20.0,10,50.0,Bright light,Diffused,Water when soil is half dry. Change water in the vase regularly.,N/A,N/A,Table top; Tertiary
97,Ficus benjamina,Moraceae,Ficus,Cultivar,Tropical,Weeping fig,30,20.0,10,50.0,6 or more hours of direct sunlight per day.,Direct sunlight.,Keep moist between watering. Must not be dry between watering,Spider mite; Mealy bug; Scale,N/A,Potted plant; Secondary
98,Fatsia japonica,Araliaceae,Aralia,Japan,Subtropical,Japanese Aralia,28,82.4,8,46.4,Bright light,Direct sunlight,Keep moist between watering. Water when soil is half dry.,Spider mite; Mealy bug; Scale,N/A,Table top; Potted plant
99,Euphorbia ammack,Euphorbiaceae,Cactus And Succulent,Africa,Arid Tropical,Variegated Euphorbia,35,95.0,12,53.6,6 or more hours of direct sunlight per day.,Direct sunlight.,Must be dry between watering. Water only when dry.,Mealy bug; White fly,Downy mildiou,Potted plant; Primary
100,Ficus pumila,Moraceae,Ficus,Cultivar,Tropical,Creeping fig; Curl,30,20.0,10,50.0,6 or more hours of direct sunlight per day.,Direct sunlight.,Keep moist between watering. Must not be dry between watering,Spider mite; Mealy bug; Scale,N/A,Hanging; Ground cover
101,Guzmania,Bromeliaceae,Bromeliad,Cultivar,Tropical,Guzmania; Claret,30,20.0,10,50.0,Bright light,Diffused,Water when soil is half dry. Change water in the vase regularly.,N/A,N/A,Table top; Tertiary
102,Ficus elastica,Moraceae,Ficus,Cultivar,Tropical,Rubber plant; Robusta,30,20.0,10,50.0,6 or more hours of direct sunlight per day.,Direct sunlight.,Keep moist between watering. Can dry between watering,Mealy bug; Scale,N/A,Potted plant; Secondary
103,Hedera canariensis,Araliaceae,Hanging,Canaries,Subtropical,Algerian ivy; Montgomery ivy,30,20.0,5,41.0,Bright light,Diffused,Keep moist between watering. Water when soil is half dry.,Spider mite; Mealy bug; Scale,N/A,Hanging; Ground cover
104,Epipremnum aureum,Araceae,Hanging,South Pacific,Tropical,Golden Pothos,30,20.0,12,53.6,Bright light,Diffused,Keep moist between watering. Water when soil is half dry.,Mealy bug,Pythium,Hanging; Tertiary
105,Ficus lyrata,Moraceae,Ficus,Ouest Africa,Tropical,Fidleleaf fig,30,20.0,10,50.0,6 or more hours of direct sunlight per day.,Direct sunlight.,Keep moist between watering. Water when soil is half dry.,Spider mite; Mealy bug; Scale,N/A,Potted plant; Secondary
106,Euphorbia ingens,Euphorbiaceae,Cactus And Succulent,South Africa,Arid Tropical,Giant Candelabra tree,35,95.0,12,53.6,6 or more hours of direct sunlight per day.,Direct sunlight.,Water only when the soil is dry. Must be dry between watering,Mealy bug,Downy mildiou,Potted plant; Primary
107,Ficus benjamina,Moraceae,Ficus,Cultivar,Tropical,Weeping fig; Monique,30,20.0,10,50.0,6 or more hours of direct sunlight per day.,Direct sunlight.,Keep moist between watering. Must not be dry between watering,Spider mite; Mealy bug; Scale,N/A,Potted plant; Secondary
108,Guzmania,Bromeliaceae,Bromeliad,Cultivar,Tropical,Guzmania; Mariposa,30,20.0,10,50.0,Bright light,Diffused,Water when soil is half dry. Change water in the vase regularly.,N/A,N/A,Table top; Tertiary
109,Ficus maclellandii Alii,Moraceae,Ficus,Cultivar,Tropical,Willow Ficus,30,20.0,10,50.0,6 or more hours of direct sunlight per day.,Direct sunlight.,Keep moist between watering. Must not be dry between watering,Spider mite; Mealy bug; Scale,N/A,Potted plant; Primary
110,Guzmania,Bromeliaceae,Bromeliad,Cultivar,Tropical,Guzmania; Marjan,30,20.0,10,50.0,Bright light,Diffused,Water when soil is half dry. Change water in the vase regularly.,N/A,N/A,Table top; Tertiary
111,Ficus benjamina,Moraceae,Ficus,Cultivar,Tropical,Weeping fig; Midnight,30,20.0,10,50.0,6 or more hours of direct sunlight per day.,Direct sunlight.,Keep moist between watering. Must not be dry between watering,Spider mite; Mealy bug; Scale,N/A,Potted plant; Secondary
112,Guzmania,Bromeliaceae,Bromeliad,Cultivar,Tropical,Guzmania; Rana,30,20.0,10,50.0,Bright light,Diffused,Water when soil is half dry. Change water in the vase regularly.,N/A,N/A,Table top; Tertiary
113,Ficus elastica,Moraceae,Ficus,Cultivar,Tropical,Rubber plant; Burgandy,30,20.0,10,50.0,6 or more hours of direct sunlight per day.,Direct sunlight.,Keep moist between watering. Can dry between watering,Mealy bug; Scale,N/A,Potted plant; Secondary
114,Euphorbia drupifera,Euphorbiaceae,Cactus And Succulent,Guinea,Arid Tropical,,35,95.0,12,53.6,6 or more hours of direct sunlight per day.,Direct sunlight.,Water only when the soil is dry. Must be dry between watering,Mealy bug,Downy mildiou,Potted plant; Primary
115,Hedera helix,Araliaceae,Hanging,Cultivar,Subtropical,English ivy; Gold Baby,30,20.0,5,41.0,Bright light,Diffused,Keep moist between watering. Water when soil is half dry.,Spider mite; Mealy bug,N/A,Hanging; Ground cover
116,Maranta leuconeura erythroneura,Marantaceae,Hanging,Brazil,Tropical,Herringbone; Pink praying plant,28,82.4,12,53.6,Bright light,Diffused,Keep moist between watering. Water when soil is half dry.,Mealy bug,N/A,Hanging; Table top
117,Hedera helix,Araliaceae,Hanging,Cultivar,Subtropical,English ivy; Hermania,30,20.0,5,41.0,Bright light,Diffused,Keep moist between watering. Water when soil is half dry.,Spider mite; Mealy bug,N/A,Hanging; Ground cover
118,Monstera deliciosa,Araceae,Philodendron,Central America,Tropical,Splitleaf Philodendron; Mexican Breadfruit,32,89.6,12,53.6,Bright light,Diffused,Water when soil is half dry. Can be dry between watering.,Mealy bug,N/A,Potted plant; Secondary
119,Mandevilla X,Apocynaceae,Flower,Hybrid,Tropical,,30,20.0,10,50.0,6 or more hours of direct sunlight per day.,Direct sunlight.,Keep moist between watering. Must not be dry between watering,Spider mite; Mealy bug; Aphid,N/A,Flower; Potted plant
120,Peperomia obtusifolia,Piperaceae,Other,Venezuela,Tropical,Baby rubber plant; Pepper face,32,89.6,10,50.0,Bright light,/,Keep moist between watering. Water when soil is half dry.,Mealy bug,N/A,Table top; Ground cover; Tertiary
121,Ophiopogon japonicus,Liliaceae,Grass,Japan,Subtropical,Snakes beard,28,82.4,5,41.0,Bright light,Direct sunlight,Keep moist between watering. Water when soil is half dry.,Spider mite; Scale,N/A,Ground cover; Tertiary
122,Hedychium coronarium,Zingiberaceae,Flower,China,Subtropical,Butterfly Ginger; White Ginger,30,20.0,10,50.0,6 or more hours of direct sunlight per day.,Direct sunlight.,Keep moist between watering. Must not be dry between watering,N/A,N/A,Flower; Secondary
123,Hedera helix variegata,Araliaceae,Hanging,Cultivar,Subtropical,English ivy; Variegated English ivy,30,20.0,5,41.0,Bright light,Diffused,Keep moist between watering. Water when soil is half dry.,Spider mite; Mealy bug,N/A,Hanging; Ground cover
124,Pellaea falcata,Sinopteridaceae,Fern,Australia & New Guinea,Tropical,,25,77.0,12,53.6,Bright light,Diffused,Keep moist between watering. Must not be dry between watering,Mealy bug,N/A,Table top; Ground cover; Tertiary
125,Hedera helix,Araliaceae,Hanging,Cultivar,Subtropical,English ivy; Garland,30,20.0,5,41.0,Bright light,Diffused,Keep moist between watering. Water when soil is half dry.,Spider mite; Mealy bug,N/A,Hanging; Ground cover
126,Hoya carnosa Exotica,Asclepiadaceae,Hanging,Cultivar,Tropical,Wax plant,28,82.4,12,53.6,Bright light,Diffused,Water when soil is half dry. Can be dry between watering.,Mealy bug; Thrips,N/A,Hanging; Table top
127,Nerium oleander,Apocynaceae,Flower,Mediterranean,Subtropical,Oleander; Rose bay,30,20.0,5,41.0,6 or more hours of direct sunlight per day.,/,Keep moist between watering. Must not be dry between watering,Scale; Aphid; Mealy bug,N/A,Potted plant; Secondary
128,Pachypodium geayi,Apocynaceae,Cactus And Succulent,Madagascar,Arid Tropical,Madagascar Palm,35,95.0,8,46.4,6 or more hours of direct sunlight per day.,Direct sunlight.,Water only when the soil is dry. Must be dry between watering,Mealy bug,N/A,Potted plant; Primary
129,Licuala spinosa,Arecaceae,Palm,Malaysia,Tropical,Spiny licuala palm,30,20.0,15,59.0,Bright light,Direct sunlight,Keep moist between watering. Water when soil is half dry.,Mealy bug; Scale,N/A,Potted plant; Secondary
130,Philodendron,Araceae,Philodendron,Cultivar,Tropical,Red Philodendron; Imperial Red,28,82.4,18,64.4,Bright light,Diffused,Keep moist between watering. Water when soil is half dry.,Mealy bug,Erwinia,Table top; Secondary
131,Neoregelia Flandria,Bromeliaceae,Bromeliad,Cultivar,Tropical,,30,20.0,12,53.6,Bright light,Diffused,Change water regularly in the vase. Water when soil is half dry.,N/A,N/A,Table top; Colors / Forms
132,Liriope muscari Variegata,Liliaceae,Foliage plant,Japan,Subtropical,Variegated lily turf,30,20.0,8,46.4,Bright light,Direct sunlight,Keep moist between watering. Water when soil is half dry.,Spider mite; Scale,N/A,Ground cover; Table top
133,Philodendron micans,Araceae,Philodendron,Dominica,Tropical,Velvet leaf vine,28,82.4,18,64.4,Bright light,Diffused,Keep moist between watering. Water when soil is half dry.,Mealy bug,Erwinia,Hanging; Secondary
134,Maranta leuconeura kerchoveana,Marantaceae,Hanging,Brazil,Tropical,Green prayer plant; Herringbone,28,82.4,12,53.6,Bright light,Diffused,Keep moist between watering. Water when soil is half dry.,Mealy bug,N/A,Hanging; Table top
135,Neoregelia Victoria Pink,Bromeliaceae,Bromeliad,Cultivar,Tropical,,30,20.0,12,53.6,Bright light,Diffused,Change water regularly in the vase. Water when soil is half dry.,N/A,N/A,Table top; Colors / Forms
136,Nolina recurvata,Agavaceae,Foliage plant,Mexico,Arid Tropical,Elephant foot; Pony tail,32,89.6,12,53.6,6 or more hours of direct sunlight per day.,Direct sunlight.,Water when soil is half dry. Can be dry between watering.,Scale; Mealy bug,N/A,Primary; Potted plant
137,Philodendron,Araceae,Philodendron,Cultivar,Tropical,Lime philodendron; Moonlight,28,82.4,18,64.4,Bright light,Diffused,Keep moist between watering. Water when soil is half dry.,Mealy bug,Erwinia,Table top; Secondary
138,Phalaenopsis X,Orchidaceae,Flower,Hybrid,Tropical humid,,28,82.4,12,53.6,Bright light,Diffused,Water when soil is half dry. Can be dry between watering.,Thrips; Aphid,N/A,Table top; Secondary
139,Hyophorbe verschaffeltii,Arecaceae,Palm,Rodrigue Island,Tropical,Spindle palm,35,95.0,10,50.0,6 or more hours of direct sunlight per day.,Direct sunlight.,Keep moist between watering. Water when soil is half dry.,Mealy bug; Scale,N/A,Potted plant; Primary
140,Hedera helix,Araliaceae,Topiairy,Cultivar,Subtropical,English ivy,30,20.0,5,41.0,Bright light,Diffused,Keep moist between watering. Water when soil is half dry.,Spider mite; Mealy bug,N/A,Hanging; Ground cover
141,Nolina guatemalensis,Agavaceae,Foliage plant,Mexico,Arid Tropical,Elephant foot; Pony tail,32,89.6,12,53.6,6 or more hours of direct sunlight per day.,Direct sunlight.,Water when soil is half dry. Can be dry between watering.,Scale; Mealy bug,N/A,Primary; Potted plant
142,Medinilla magnifica,Melastomataceae,Flower,Philippines,Tropical,Rose grape,30,20.0,15,59.0,6 or more hours of direct sunlight per day.,Direct sunlight.,Keep moist between watering. Must not be dry between watering,Mealy bug,N/A,Potted plant; Flower
143,Hibiscus rosa sinensis,Malvaceae,Flower,Asia,Tropical,Chinese hibiscus,28,82.4,10,50.0,6 or more hours of direct sunlight per day.,Direct sunlight.,Keep moist between watering. Must not be dry between watering,Spider mite; Aphid; White fly,N/A,Flower; Secondary
144,Nephrolepis exaltata var,Nephrolepidaceae,Fern,Cultivar,Tropical,Boston fern; Sword fern,28,82.4,10,50.0,Bright light,Diffused,Keep moist between watering. Water when soil is half dry.,Mealy bug; Scale,N/A,Hanging; Tertiary
145,Howea forsteriana,Arecaceae,Palm,South Pacific,Tropical,Kentia palm; Paradise palm,28,82.4,12,53.6,Bright light,Diffused,Keep moist between watering. Must not be dry between watering,N/A,N/A,Potted plant; Primary
146,Philodendron,Araceae,Philodendron,Cultivar,Tropical,Emerald Prince,28,82.4,18,64.4,Bright light,Diffused,Keep moist between watering. Water when soil is half dry.,Mealy bug,Erwinia,Table top; Secondary
147,Homalomena,Araceae,Foliage plant,Cultivar,Tropical,Emerald Gem,28,82.4,10,50.0,Bright light,Diffused,Keep moist between watering. Water when soil is half dry.,Mealy bug,N/A,Table top; Tertiary
148,Peperomia clusiifolia,Piperaceae,Other,Cultivar,Tropical,Tricolor Peperomia,32,89.6,10,50.0,Bright light,/,Keep moist between watering. Water when soil is half dry.,Mealy bug,N/A,Table top; Ground cover; Tertiary
149,Pandorea jasminoides,Bignoniaceae,Flower,Australia,Subtropical,Bower plant; Bower of beauty,28,82.4,8,46.4,6 or more hours of direct sunlight per day.,Direct sunlight.,Keep moist between watering. Water when soil is half dry.,Mealy bug,N/A,Potted plant; Secondary
150,Neoregelia carolinae var.,Bromeliaceae,Bromeliad,Cultivar,Tropical,,30,20.0,12,53.6,Bright light,Diffused,Change water regularly in the vase. Water when soil is half dry.,N/A,N/A,Table top; Colors / Forms
151,Radermachera sinica,Bignoniaceae,Other,China,Subtropical,China doll,28,82.4,8,46.4,6 or more hours of direct sunlight per day.,Direct sunlight.,Keep moist between watering. Water when soil is half dry.,Mealy bug,N/A,Table top; Tertiary
152,Pteris cretica Parkeri,Pteridaceae,Fern,Cultivar,Tropical humid,Cretan brake,28,82.4,12,53.6,Bright light,/,Keep moist between watering. Must not be dry between watering,N/A,N/A,Table top; Tertiary
153,Polystichum tsus simense,Dryopteridaceae,Fern,Korea,Subtropical,Korean rock fern; Tsu sima holly fern,28,82.4,-5,23.0,Bright light,/,Keep moist between watering. Must not be dry between watering,N/A,N/A,Table top; Tertiary
154,Polystichum polyblepharum,Dryopteridaceae,Fern,Japan,Subtropical,Japanese tassel fern,28,82.4,-5,23.0,Bright light,/,Keep moist between watering. Must not be dry between watering,N/A,N/A,Table top; Tertiary
155,Ravenea rivularis,Arecaceae,Palm,Madagascar,Tropical,Majesty palm,30,20.0,8,46.4,6 or more hours of direct sunlight per day.,Direct sunlight.,Keep moist between watering. Must not be dry between watering,Spider mite; Mealy bug,N/A,Potted plant; Secondary
156,Polyscias scutellaria,Araliaceae,Aralia,Asia,Tropical,Fabian Aralia; Red Aralia,30,20.0,12,53.6,6 or more hours of direct sunlight per day.,Direct sunlight.,Keep moist between watering. Water when soil is half dry.,Spider mite; Aphid; Mealy bug,N/A,Potted plant; Primary
157,Pteris cretica Albo lineata,Pteridaceae,Fern,Cultivar,Tropical humid,Silver Ribbon Fern,28,82.4,12,53.6,Bright light,/,Keep moist between watering. Must not be dry between watering,N/A,N/A,Table top; Tertiary
158,Platycerium bifurcatum,Polypodiaceae,Fern,Australia,Tropical,Staghorn fern,30,20.0,5,41.0,Bright light,Diffused,Keep moist between watering. Water when soil is half dry.,N/A,N/A,Potted plant; Tertiary
159,Philodendron Xanadu,Araceae,Philodendron,Cultivar,Tropical,,28,82.4,18,64.4,Bright light,Diffused,Keep moist between watering. Water when soil is half dry.,Mealy bug,Erwinia,Potted plant; Secondary
160,Polyscias pinnatta,Araliaceae,Aralia,Cultivar,Tropical,Balfour aralia; Aralia Balfouriana; Lemon Lime,30,20.0,12,53.6,6 or more hours of direct sunlight per day.,Direct sunlight.,Keep moist between watering. Water when soil is half dry.,Spider mite; Aphid; Mealy bug,N/A,Potted plant; Primary
161,Philodendron Tatei Congo,Araceae,Philodendron,Cultivar,Tropical,,28,82.4,18,64.4,Bright light,Diffused,Keep moist between watering. Water when soil is half dry.,Mealy bug,Erwinia,Table top; Secondary
162,Sansevieria trifasciata Laurentii,Liliaceae,Sansevieria,South Africa,Tropical,Snake plant,35,95.0,10,50.0,Bright light,Diffused,Water when soil is half dry. Can be dry between watering.,N/A,N/A,Potted plant; Tertiary
163,Philodendron pinnatifidum,Araceae,Philodendron,Venezuela,Tropical,Fernleaf Philodendron,28,82.4,18,64.4,Bright light,Diffused,Keep moist between watering. Water when soil is half dry.,Mealy bug,Erwinia,Table top; Tertiary
164,Podocarpus gracilior,Podocarpaceae,Foliage plant,Central Africa,Subtropical,African fern pine; Buddhist pine,30,20.0,10,50.0,6 or more hours of direct sunlight per day.,Direct sunlight.,Keep moist between watering. Must not be dry between watering,Mealy bug; Scale,N/A,Potted plant; Primary
165,Sansevieria trifasciata Hahnii,Liliaceae,Sansevieria,Cultivar,Tropical,Birdnest sansevieria; Snake plant,35,95.0,10,50.0,Bright light,Diffused,Water when soil is half dry. Can be dry between watering.,N/A,N/A,Table top; Tertiary
166,Sansevieria trifasciata,Liliaceae,Sansevieria,South Africa,Subtropical,Snake plant,35,95.0,10,50.0,Bright light,Diffused,Water when soil is half dry. Can be dry between watering.,N/A,N/A,Potted plant; Primary
167,Polyscias crispata,Araliaceae,Aralia,Malaysia,Tropical,Chicken gizard aralia,30,20.0,12,53.6,6 or more hours of direct sunlight per day.,Direct sunlight.,Keep moist between watering. Water when soil is half dry.,Spider mite; Aphid; Mealy bug,N/A,Potted plant; Primary
168,Phoenix roebellinii,Palmae,Palm,Vietnam,Tropical,Pignee Date palm,28,82.4,8,46.4,6 or more hours of direct sunlight per day.,/,Keep moist between watering. Must not be dry between watering,Spider mite; Scale,N/A,Potted plant; Primary
169,Polyscias pinnata Marginata,Araliaceae,Aralia,Cultivar,Tropical,Variegated Balfour aralia; Aralia Balfouriana,30,20.0,12,53.6,6 or more hours of direct sunlight per day.,Direct sunlight.,Keep moist between watering. Water when soil is half dry.,Spider mite; Aphid; Mealy bug,N/A,Potted plant; Primary
170,Polyscias fruticosa Elegans,Araliaceae,Aralia,Malaysia,Tropical,Ming Aralia; Parsley panax,30,20.0,12,53.6,6 or more hours of direct sunlight per day.,Direct sunlight.,Keep moist between watering. Water when soil is half dry.,Spider mite; Aphid; Mealy bug,N/A,Potted plant; Primary
171,Philodendron selloum,Araceae,Philodendron,Brazil,Tropical,Lacy tree philodendron,28,82.4,18,64.4,Bright light,Diffused,Keep moist between watering. Water when soil is half dry.,Mealy bug,Erwinia,Potted plant; Secondary
172,Pteris ensiformis Evergemiensis,Pteridaceae,Fern,Asia,Tropical humid,Silver Lace Fern,28,82.4,12,53.6,Bright light,/,Keep moist between watering. Must not be dry between watering,N/A,N/A,Table top; Tertiary
173,Rhapis excelsa,Arecaceae,Palm,China,Subtropical,Lady palm,30,20.0,8,46.4,Bright light,Diffused,Keep moist between watering. Must not be dry between watering,N/A,N/A,Potted plant; Secondary
174,Polyscias fruticosa,Araliaceae,Aralia,Malaysia,Tropical,Ming Aralia; Parsley panax,30,20.0,12,53.6,6 or more hours of direct sunlight per day.,Direct sunlight.,Keep moist between watering. Water when soil is half dry.,Spider mite; Aphid; Mealy bug,N/A,Potted plant; Primary
175,Philodendron scandens oxycardium,Araceae,Philodendron,Central America,Tropical,Parlor ivy; Sweetheart plant; Heartleaf philodendron; Cordatum vine,28,82.4,18,64.4,Bright light,Diffused,Keep moist between watering. Water when soil is half dry.,Mealy bug,Erwinia,Potted plant; Secondary
176,Veitchia merrillii,Arecaceae,Palm,Philippines,Tropical,Adonidia; Christmas palm; Manila palm,30,20.0,15,59.0,6 or more hours of direct sunlight per day.,Direct sunlight.,Keep moist between watering. Must not be dry between watering,Spider mite; Mealy bug,N/A,Potted plant; Secondary
177,Spathiphyllum Lynise,Araceae,Spathiphyllum,Cultivar,Tropical,Peace lily,28,82.4,15,59.0,Bright light,Diffused,Keep moist between watering. Must not be dry between watering,Mealy bug; Thrips,Phytophtora,Potted plant; Secondary
178,Spathiphyllum Ceres,Araceae,Spathiphyllum,Cultivar,Tropical,Peace lily,28,82.4,15,59.0,Bright light,Diffused,Keep moist between watering. Must not be dry between watering,Mealy bug; Thrips,Phytophtora,Table top; Tertiary
179,Vriesea splendens,Bromeliaceae,Bromeliad,Venezuela,Tropical,,28,82.4,15,59.0,Bright light,Diffused,Change water regularly in the vase. Water when soil is half dry.,N/A,N/A,Table top; Tertiary
180,Trichilia dregei,Miliaceae,Other,Zimbabwe,Tropical humid,Cape mahogany; Christmas bells,28,82.4,12,53.6,Bright light,Diffused,Keep moist between watering. Must not be dry between watering,Mealy bug,N/A,Potted plant; Secondary
181,Vriesea Ginger,Bromeliaceae,Bromeliad,Cultivar,Tropical,,28,82.4,15,59.0,Bright light,Diffused,Change water regularly in the vase. Water when soil is half dry.,N/A,N/A,Table top; Tertiary
182,Vriesea Charlotte,Bromeliaceae,Bromeliad,Cultivar,Tropical,,28,82.4,15,59.0,Bright light,Diffused,Change water regularly in the vase. Water when soil is half dry.,N/A,N/A,Table top; Tertiary
183,Syngonium podophyllum,Araceae,Hanging,Cultivar,Tropical humid,African evergreen; Arrowhead vine; Goosefoot plant; White Lightning,28,82.4,12,53.6,Bright light,Diffused,Keep moist between watering. Water when soil is half dry.,Spider mite; Mealy bug,Crown rot; Erwinia,Hanging; Tertiary
184,Syagrus schizophylla,Arecaceae,Palm,Brazil,Tropical humid,Parrot palm,30,20.0,12,53.6,6 or more hours of direct sunlight per day.,Direct sunlight.,Keep moist between watering. Water when soil is half dry.,N/A,N/A,Potted plant; Primary
185,Tillandsia cyanea,Bromeliaceae,Bromeliad,Ecuador,Tropical humid,Pink quill,30,20.0,15,59.0,Bright light,Diffused,Change water regularly in the vase. Water when soil is half dry.,N/A,N/A,Table top; Tertiary
186,Vriesea Christiane,Bromeliaceae,Bromeliad,Cultivar,Tropical,,28,82.4,15,59.0,Bright light,Diffused,Change water regularly in the vase. Water when soil is half dry.,N/A,N/A,Table top; Tertiary
187,Tillandsia Creation,Bromeliaceae,Bromeliad,Hybrid,Tropical humid,,30,20.0,15,59.0,Bright light,Diffused,Change water regularly in the vase. Water when soil is half dry.,N/A,N/A,Table top; Tertiary
188,Xanthosoma lindenii,Araceae,Foliage plant,Colombia,Tropical, Indian kale,28,82.4,12,53.6,Bright light,Diffused,Keep moist between watering. Water when soil is half dry.,Spider mite; Mealy bug,N/A,Potted plant; Primary
189,Schefflera elegantissima,Araliaceae,Aralia,New Calidonia,Tropical,False aralia,28,82.4,12,53.6,6 or more hours of direct sunlight per day.,Direct sunlight.,Keep moist between watering. Can dry between watering,Spider mite; Mealy bug; Scale,N/A,Potted plant; Secondary
190,Spathiphyllum Sensation,Araceae,Spathiphyllum,Cultivar,Tropical,Peace lily,28,82.4,15,59.0,Bright light,Diffused,Keep moist between watering. Must not be dry between watering,Mealy bug; Thrips,Phytophtora,Potted plant; Primary
191,Spathiphyllum Starlight,Liliaceae,Spathiphyllum,Cultivar,Tropical,Peace lily,28,82.4,15,59.0,Bright light,Diffused,Keep moist between watering. Must not be dry between watering,Mealy bug; Thrips,Phytophtora,Table top; Tertiary
192,Sedum morganianum,Crasssulaceae,Hanging,Mexico,Arid Tropical,Burro tail,35,95.0,8,46.4,6 or more hours of direct sunlight per day.,Direct sunlight.,Water only when the soil is dry. Must be dry between watering,Mealy bug,N/A,Hanging; Tertiary
193,Spathiphyllum Domino,Araceae,Spathiphyllum,Cultivar,Tropical,Peace lily,28,82.4,15,59.0,Bright light,Diffused,Keep moist between watering. Must not be dry between watering,Mealy bug; Thrips,Phytophtora,Table top; Tertiary
194,Syngonium podophyllum,Araceae,Hanging,Cultivar,Tropical humid,African evergreen; Arrowhead vine; Goosefoot plant; Pink Allusion,28,82.4,12,53.6,Bright light,Diffused,Keep moist between watering. Water when soil is half dry.,Spider mite; Mealy bug,Crown rot; Erwinia,Hanging; Tertiary
195,Scindapsus pictus argyraeus,Araceae,Hanging,Indonisia,Tropical,Picta Philodendron; Satin pothos; Devils ivy,30,20.0,12,53.6,Bright light,Diffused,Water when soil is half dry. Can be dry between watering.,Mealy bug,N/A,Hanging; Tertiary
196,Xanthorrhoea arborea,Liliaceae,Other,Australia,Arid Tropical,Grass tree,35,95.0,12,53.6,6 or more hours of direct sunlight per day.,/,Water only when the soil is dry. Must be dry between watering,N/A,N/A,Potted plant; Primary
197,Schefflera arboricola Trinette,Araliaceae,Schefflera,Cultivar,Tropical,Yellow Hawaiian elf; Yellow parasol plant,30,20.0,12,53.6,6 or more hours of direct sunlight per day.,Direct sunlight.,Keep moist between watering. Water when soil is half dry.,Spider mite; Aphid; Mealy bug,N/A,Table top; Secondary
198,Schefflera actinophylla Amate,Araliaceae,Schefflera,Cultivar,Tropical,Umbella plant,28,82.4,12,53.6,6 or more hours of direct sunlight per day.,Direct sunlight.,Keep moist between watering. Water when soil is half dry.,Spider mite; Aphid; Mealy bug,N/A,Potted plant; Secondary
199,Schefflera actinophylla Renegade,Araliaceae,Schefflera,Cultivar,Tropical,Umbella plant,28,82.4,12,53.6,6 or more hours of direct sunlight per day.,Direct sunlight.,Keep moist between watering. Water when soil is half dry.,Spider mite; Aphid; Mealy bug,N/A,Potted plant; Secondary
200,Sansevieria trifasciata var,Liliaceae,Sansevieria,Cultivar,Tropical,Snake plant,35,95.0,10,50.0,Bright light,Diffused,Water when soil is half dry. Can be dry between watering.,N/A,N/A,Potted plant; Secondary
201,Spathiphyllum Supreme,Liliaceae,Spathiphyllum,Cultivar,Tropical,Peace lily,28,82.4,15,59.0,Bright light,Diffused,Keep moist between watering. Must not be dry between watering,Mealy bug; Thrips,Phytophtora,Potted plant; Secondary
202,Schefflera arboricola,Araliaceae,Schefflera,Taiwan,Tropical,Hawaiian elf; Parasol plant,30,20.0,12,53.6,6 or more hours of direct sunlight per day.,Direct sunlight.,Keep moist between watering. Water when soil is half dry.,Spider mite; Aphid; Mealy bug,N/A,Potted plant; Secondary
203,Spathiphyllum,Araceae,Spathiphyllum,Cultivar,Tropical,Peace lily; Emerald Swirl,28,82.4,15,59.0,Bright light,Diffused,Keep moist between watering. Must not be dry between watering,Mealy bug; Thrips,Phytophtora,Table top; Tertiary
204,Spathiphyllum Starlight,Araceae,Spathiphyllum,Cultivar,Tropical,Peace lily,28,82.4,15,59.0,Bright light,Diffused,Keep moist between watering. Must not be dry between watering,Mealy bug; Thrips,Phytophtora,Table top; Tertiary
205,Schefflera arboricola,Araliaceae,Schefflera,Cultivar,Tropical,Hawaiian elf; Parasol plant; Gold Cappela,30,20.0,12,53.6,6 or more hours of direct sunlight per day.,Direct sunlight.,Keep moist between watering. Water when soil is half dry.,Spider mite; Aphid; Mealy bug,N/A,Potted plant; Secondary
206,Strelitzia nicolai,Strelitziaceae,Foliage plant,South Africa,Subtropical,White bird of paradise,30,20.0,12,53.6,6 or more hours of direct sunlight per day.,Direct sunlight.,Keep moist between watering. Water when soil is half dry.,Spider mite; Mealy bug,N/A,Table top; Tertiary
207,Zamioculcas zamifolia,Araceae,Foliage plant,South Africa,Tropical,Zz plant,30,20.0,12,53.6,Bright light,Diffused,Keep moist between watering. Water when soil is half dry.,N/A,N/A,Table top; Secondary
208,Yucca elephantipes,Liliaceae,Dracaena,Mexico,Subtropical,Spineless yucca; Palm lily,30,20.0,12,53.6,6 or more hours of direct sunlight per day.,Direct sunlight.,Keep moist between watering. Water when soil is half dry.,N/A,Downy mildiou,Potted plant; Secondary
